{"type":"Feature","id":"attraction-large-world-heritage-R2894554","properties":{"id":"attraction-large-world-heritage-R2894554","kind":"attraction","name":"小笠原諸島","shortName":"小笠原諸島","context":"日本","subtype":"world-heritage","subtypeLabel":"世界遺産・登録区域","statusLabel":"","aliases":["Bonin Islands"],"osmType":"relation","osmId":2894554,"osmDate":null,"officialAreaKm2":null,"areaSourceLabel":"","areaSourceUrl":"","boundarySourceLabel":"© OpenStreetMap contributors","boundarySourceUrl":"https://www.openstreetmap.org/copyright","geometryFile":"attractions/large-world-heritage-R2894554.geojson"},"geometry":{"type":"MultiPolygon","coordinates":[[[[142.134609,27.681617],[142.1346421,27.6816031],[142.1349163,27.6815007],[142.135047,27.6814046],[142.135038,27.681362],[142.135061,27.681318],[142.135171,27.681266],[142.135135,27.681156],[142.135131,27.681079],[142.135159,27.680962],[142.135141,27.68086],[142.135168,27.680713],[142.135156,27.680678],[142.135169,27.680555],[142.135176,27.680523],[142.135228,27.680467],[142.13521,27.680391],[142.13524,27.680328],[142.1353,27.680265],[142.13535,27.680241],[142.13536,27.680163],[142.135423,27.680086],[142.135501,27.680058],[142.135587,27.680068],[142.13567,27.680045],[142.135792,27.680077],[142.135874,27.680054],[142.136005,27.6801],[142.136094,27.680072],[142.136226,27.68009],[142.13628,27.680022],[142.136389,27.679986],[142.136403,27.679918],[142.136443,27.679882],[142.136562,27.679864],[142.136592,27.679816],[142.136636,27.679797],[142.136771,27.679786],[142.136828,27.679802],[142.136905,27.679788],[142.136987,27.679825],[142.137021,27.679855],[142.137043,27.679908],[142.137093,27.679939],[142.137115,27.680071],[142.13728,27.68006],[142.137462,27.679971],[142.13751,27.679906],[142.137546,27.679784],[142.137488,27.679735],[142.137475,27.679703],[142.137488,27.679633],[142.137442,27.679617],[142.137392,27.679544],[142.137395,27.679444],[142.137457,27.679372],[142.137458,27.679263],[142.137483,27.679224],[142.13757,27.679163],[142.137625,27.679156],[142.13769,27.679088],[142.137898,27.679061],[142.137961,27.679029],[142.13816,27.67904],[142.138338,27.679104],[142.138421,27.679084],[142.138485,27.679099],[142.138598,27.679186],[142.138662,27.679158],[142.1388187,27.6790539],[142.13898,27.6789585],[142.1390506,27.6788221],[142.1391825,27.6785593],[142.1391795,27.6784937],[142.1392015,27.6783126],[142.1392557,27.6782301],[142.1392082,27.6779295],[142.1390617,27.6779538],[142.138987,27.677874],[142.138915,27.677803],[142.1386914,27.6776482],[142.1386361,27.6775349],[142.1385627,27.6775656],[142.1385131,27.677554],[142.1384406,27.6775931],[142.1383984,27.6775804],[142.1384004,27.6775505],[142.1383849,27.6774373],[142.138356,27.6773715],[142.1383445,27.6773386],[142.1382985,27.6773063],[142.1382134,27.677248],[142.1382048,27.6771944],[142.1382515,27.6771416],[142.1382366,27.677086],[142.1382583,27.6770637],[142.1382323,27.6769997],[142.1382596,27.6769714],[142.1382558,27.6768861],[142.1382308,27.6768397],[142.1382897,27.6767535],[142.1383489,27.6767817],[142.1384444,27.6767612],[142.1383196,27.6767076],[142.1382814,27.6766591],[142.1382777,27.6765784],[142.1383088,27.6764556],[142.138372,27.676371],[142.1384401,27.6763703],[142.1385461,27.6763406],[142.1386907,27.6763677],[142.1387751,27.6761801],[142.1388085,27.6761721],[142.13884,27.676152],[142.1388901,27.6761499],[142.1389299,27.6761228],[142.1390424,27.6761819],[142.139125,27.67614],[142.13927,27.676106],[142.139335,27.676108],[142.139427,27.676145],[142.139497,27.67612],[142.139535,27.676129],[142.13948,27.676029],[142.139365,27.676013],[142.139318,27.675984],[142.139276,27.675943],[142.1392901,27.6758657],[142.1393554,27.6758253],[142.1393837,27.6757245],[142.1393379,27.6757212],[142.1393231,27.6756609],[142.1392296,27.6756666],[142.1391976,27.6756484],[142.1391925,27.6756102],[142.1392176,27.6755628],[142.139182,27.6754723],[142.1391089,27.6753949],[142.139158,27.6752263],[142.1392446,27.6750545],[142.1390621,27.6749934],[142.1388431,27.6750554],[142.1387666,27.6750842],[142.1387009,27.6750834],[142.1386663,27.6750668],[142.1386303,27.6750412],[142.1386295,27.6750005],[142.1386718,27.6749331],[142.1387558,27.6748963],[142.1388475,27.6748985],[142.1389222,27.6748063],[142.1389956,27.6747634],[142.1390063,27.6746761],[142.138937,27.674617],[142.138881,27.674644],[142.1388225,27.6746576],[142.1387745,27.6745061],[142.1385975,27.6745467],[142.1384024,27.6746014],[142.1382231,27.6746083],[142.1379918,27.6744829],[142.1379721,27.6744308],[142.1379078,27.674437],[142.137861,27.6744154],[142.1378438,27.6743913],[142.137847,27.67434],[142.1379988,27.674248],[142.138126,27.674197],[142.1382138,27.6741803],[142.1382647,27.6741617],[142.1382889,27.6741906],[142.1383434,27.6741474],[142.1384124,27.6741702],[142.138476,27.6741722],[142.1385253,27.6741504],[142.138592,27.6741382],[142.1386363,27.674116],[142.1387103,27.6741059],[142.1387936,27.6740737],[142.1389024,27.6739968],[142.1389137,27.6739425],[142.1389425,27.673913],[142.1389636,27.6738478],[142.1390168,27.673822],[142.1391051,27.6737419],[142.1391669,27.6736945],[142.139266,27.67363],[142.139302,27.673585],[142.139401,27.673567],[142.1394297,27.6735213],[142.1394571,27.6734704],[142.1394713,27.6734358],[142.139471,27.673382],[142.139453,27.67327],[142.1395584,27.6731698],[142.1395522,27.6730207],[142.1394891,27.6731392],[142.1393534,27.6731715],[142.1393013,27.6730909],[142.1393447,27.672945],[142.1392525,27.6729694],[142.1391982,27.6728916],[142.1390974,27.6727892],[142.1389263,27.6727857],[142.1388507,27.6728517],[142.1388255,27.6728406],[142.13877,27.6728683],[142.1386851,27.6728924],[142.1385926,27.6728774],[142.1385718,27.6728582],[142.1386205,27.6727968],[142.1386146,27.6727575],[142.1386575,27.672706],[142.1388464,27.6726067],[142.1390537,27.6726147],[142.1391238,27.6725985],[142.1392443,27.6725536],[142.1392658,27.6724989],[142.1392625,27.6724214],[142.1393001,27.6723824],[142.1393952,27.6723533],[142.1394357,27.6722602],[142.1395429,27.6722466],[142.1395396,27.6721452],[142.1395495,27.6720778],[142.1396017,27.672049],[142.1397042,27.672049],[142.139735,27.6720736],[142.1397815,27.6720696],[142.1398626,27.6720844],[142.1399347,27.6721528],[142.13996,27.672215],[142.13997,27.672272],[142.1399738,27.6723972],[142.140084,27.6723812],[142.140115,27.672425],[142.140186,27.672422],[142.140303,27.672479],[142.140377,27.67249],[142.140494,27.672571],[142.14052,27.672665],[142.140566,27.672677],[142.140628,27.67278],[142.140626,27.672927],[142.140695,27.672925],[142.140805,27.672992],[142.140827,27.672935],[142.14087,27.672914],[142.14097,27.672902],[142.141046,27.672934],[142.141085,27.672875],[142.141163,27.672845],[142.141273,27.672842],[142.141361,27.672867],[142.141407,27.672807],[142.141462,27.672801],[142.141582,27.672835],[142.141568,27.672721],[142.14161,27.672655],[142.141532,27.672617],[142.141502,27.672505],[142.141412,27.672514],[142.141367,27.672496],[142.141297,27.672435],[142.14128,27.67239],[142.141158,27.672397],[142.141118,27.67238],[142.141065,27.672324],[142.141036,27.672247],[142.14097,27.672237],[142.140883,27.672156],[142.140837,27.672004],[142.140797,27.671978],[142.140791,27.671947],[142.140813,27.671735],[142.140843,27.671707],[142.140827,27.671635],[142.140915,27.671502],[142.141028,27.671508],[142.141062,27.671463],[142.141145,27.671447],[142.141373,27.671484],[142.141385,27.671458],[142.141452,27.671433],[142.141647,27.671472],[142.14167,27.671433],[142.141707,27.671417],[142.141811,27.671408],[142.141903,27.671427],[142.14196,27.671458],[142.14204,27.671438],[142.142072,27.671446],[142.142241,27.671526],[142.142261,27.671522],[142.142221,27.671458],[142.142217,27.671428],[142.142235,27.671404],[142.142339,27.671331],[142.142466,27.671353],[142.1425,27.671294],[142.14259,27.671272],[142.14272,27.671335],[142.142741,27.671361],[142.142747,27.671453],[142.142848,27.671465],[142.142962,27.671526],[142.142986,27.671572],[142.143042,27.671548],[142.143095,27.671548],[142.14319,27.671571],[142.143275,27.671632],[142.143305,27.671609],[142.14333,27.671589],[142.143449,27.671584],[142.143588,27.671648],[142.143645,27.671596],[142.143803,27.67153],[142.143896,27.671527],[142.144014,27.671386],[142.14413,27.671351],[142.144138,27.671292],[142.144214,27.671201],[142.144335,27.671179],[142.144346,27.67108],[142.144429,27.671007],[142.144586,27.670982],[142.144602,27.670939],[142.144689,27.670876],[142.144855,27.670855],[142.144888,27.670809],[142.144972,27.670791],[142.145091,27.670749],[142.145161,27.670748],[142.145257,27.670656],[142.145396,27.670614],[142.145496,27.670624],[142.145546,27.670586],[142.145616,27.670576],[142.145749,27.670591],[142.145819,27.670638],[142.145874,27.670623],[142.145954,27.670639],[142.146042,27.670684],[142.14608,27.670753],[142.146161,27.670749],[142.146227,27.670791],[142.146284,27.670905],[142.146378,27.670918],[142.146403,27.670944],[142.146454,27.670999],[142.14648,27.671068],[142.146586,27.671034],[142.146654,27.67104],[142.146799,27.671162],[142.146917,27.671219],[142.146995,27.671316],[142.147013,27.671372],[142.147095,27.671399],[142.147143,27.671437],[142.147191,27.671544],[142.147241,27.671571],[142.147286,27.671631],[142.147302,27.671671],[142.1473,27.671821],[142.14736,27.671835],[142.147444,27.671906],[142.14748,27.672026],[142.147555,27.672008],[142.147623,27.672033],[142.147705,27.672158],[142.147718,27.672233],[142.147824,27.672284],[142.1479,27.672489],[142.14792,27.672509],[142.148023,27.672501],[142.148063,27.672526],[142.148129,27.672605],[142.148157,27.672678],[142.148226,27.672653],[142.148304,27.672671],[142.148368,27.672728],[142.148419,27.672831],[142.148479,27.672836],[142.148535,27.672886],[142.148605,27.673004],[142.148617,27.673115],[142.148718,27.673161],[142.148746,27.673211],[142.148772,27.673354],[142.14882,27.673422],[142.148814,27.673545],[142.148788,27.67361],[142.14876,27.673645],[142.148673,27.673688],[142.148681,27.673756],[142.148613,27.673892],[142.148513,27.673955],[142.148444,27.673962],[142.14845,27.674012],[142.148432,27.674062],[142.148326,27.674194],[142.148352,27.674219],[142.148354,27.674325],[142.148274,27.67446],[142.14831,27.674475],[142.148356,27.674609],[142.148352,27.674732],[142.148398,27.674762],[142.148418,27.6748],[142.148412,27.674915],[142.148368,27.674994],[142.148314,27.675024],[142.148358,27.675099],[142.148344,27.675217],[142.148239,27.675312],[142.148284,27.67536],[142.148298,27.675404],[142.148316,27.67549],[142.148294,27.675554],[142.14832,27.675577],[142.148346,27.67565],[142.148352,27.675715],[142.148314,27.675812],[142.148358,27.67585],[142.14837,27.675975],[142.148322,27.676077],[142.148376,27.676149],[142.148388,27.676197],[142.148382,27.676315],[142.148352,27.676367],[142.148386,27.676389],[142.148404,27.676425],[142.148406,27.676484],[142.1484,27.676565],[142.148372,27.676632],[142.148416,27.676657],[142.148438,27.676692],[142.14845,27.676813],[142.148432,27.676895],[142.148499,27.676938],[142.148551,27.677047],[142.148545,27.677153],[142.148587,27.677175],[142.148565,27.677298],[142.148476,27.677387],[142.148448,27.677465],[142.148396,27.677498],[142.148314,27.677505],[142.148328,27.677617],[142.148288,27.677751],[142.148316,27.677801],[142.148318,27.677848],[142.148304,27.677889],[142.148239,27.677936],[142.148181,27.677959],[142.148173,27.678076],[142.148149,27.678114],[142.148051,27.678139],[142.148085,27.678244],[142.148091,27.678371],[142.148147,27.67839],[142.148187,27.678431],[142.148215,27.67847],[142.148239,27.678593],[142.148286,27.678642],[142.148302,27.678824],[142.148256,27.678888],[142.148211,27.679071],[142.148111,27.679143],[142.148065,27.679254],[142.148029,27.679296],[142.147936,27.679335],[142.147942,27.679469],[142.1479,27.679531],[142.147936,27.679615],[142.147936,27.679656],[142.148051,27.679668],[142.148119,27.679725],[142.148217,27.679731],[142.148342,27.679843],[142.148338,27.679911],[142.148402,27.679967],[142.148416,27.680088],[142.148406,27.680147],[142.14846,27.680199],[142.148493,27.68032],[142.148489,27.68039],[142.148553,27.680431],[142.148593,27.680519],[142.148573,27.680622],[142.148579,27.680647],[142.148635,27.680676],[142.148645,27.680698],[142.148641,27.680835],[142.148557,27.680915],[142.148557,27.680958],[142.148486,27.681092],[142.148382,27.681123],[142.148382,27.681226],[142.148308,27.681333],[142.148286,27.681353],[142.148223,27.681364],[142.148189,27.681458],[142.148053,27.681607],[142.148083,27.68163],[142.148093,27.681698],[142.148043,27.681749],[142.148049,27.681791],[142.147988,27.681882],[142.147904,27.681918],[142.147884,27.681975],[142.147741,27.682041],[142.147705,27.682044],[142.147629,27.682003],[142.147565,27.682001],[142.147578,27.68217],[142.147641,27.682401],[142.147988,27.682339],[142.148057,27.682346],[142.148157,27.682409],[142.148248,27.682398],[142.148344,27.6825],[142.148344,27.682611],[142.148382,27.682723],[142.148372,27.682771],[142.148278,27.682864],[142.148288,27.682939],[142.148233,27.683041],[142.148268,27.68308],[142.148278,27.683132],[142.148272,27.683177],[142.148231,27.683247],[142.148251,27.683282],[142.148246,27.683367],[142.148155,27.683453],[142.148155,27.68357],[142.148139,27.683606],[142.148021,27.683693],[142.14787,27.683758],[142.147786,27.683852],[142.147711,27.68389],[142.147651,27.68398],[142.147536,27.684057],[142.14752,27.684125],[142.147368,27.684212],[142.14737,27.684348],[142.147299,27.684432],[142.147299,27.68448],[142.147269,27.68453],[142.147221,27.684575],[142.147086,27.684678],[142.147044,27.684697],[142.146956,27.6847],[142.146886,27.684797],[142.146755,27.684829],[142.146665,27.684951],[142.146598,27.684974],[142.146468,27.685079],[142.146309,27.685093],[142.146235,27.685156],[142.146104,27.685195],[142.145978,27.685273],[142.145849,27.685264],[142.145803,27.685299],[142.145678,27.685341],[142.145632,27.68533],[142.14557,27.685255],[142.145524,27.685273],[142.145445,27.685261],[142.145379,27.685194],[142.145327,27.685249],[142.145222,27.685305],[142.14522,27.685446],[142.145158,27.685514],[142.145164,27.685593],[142.145136,27.685648],[142.145038,27.685711],[142.144989,27.685799],[142.144871,27.685851],[142.144814,27.685904],[142.144806,27.685936],[142.144859,27.685981],[142.144877,27.686022],[142.144869,27.686056],[142.144827,27.686089],[142.144831,27.686154],[142.144764,27.686236],[142.144658,27.686271],[142.144525,27.686239],[142.144513,27.686168],[142.144473,27.686145],[142.144453,27.686107],[142.144461,27.686005],[142.144439,27.685993],[142.144349,27.68605],[142.144252,27.686066],[142.14421,27.686117],[142.144096,27.686165],[142.143989,27.686159],[142.143951,27.686208],[142.143894,27.686233],[142.143822,27.686247],[142.143694,27.68624],[142.143585,27.686329],[142.143499,27.686333],[142.143396,27.686299],[142.143194,27.686366],[142.143131,27.686427],[142.142952,27.686666],[142.142673,27.686937],[142.142485,27.687208],[142.142375,27.687321],[142.142461,27.687377],[142.142477,27.687436],[142.142465,27.687474],[142.14238,27.687524],[142.142423,27.687567],[142.142434,27.687617],[142.142423,27.68772],[142.142491,27.68776],[142.142519,27.687803],[142.142523,27.687919],[142.142601,27.688054],[142.142595,27.688123],[142.142569,27.68815],[142.142613,27.688193],[142.142623,27.688245],[142.142617,27.688306],[142.142579,27.688352],[142.142629,27.688409],[142.142643,27.688459],[142.142625,27.688574],[142.142587,27.688604],[142.142577,27.688741],[142.142523,27.688823],[142.142483,27.688851],[142.142165,27.688906],[142.142021,27.688843],[142.141973,27.688856],[142.141874,27.688848],[142.141824,27.688811],[142.141744,27.688873],[142.141643,27.688886],[142.141575,27.688939],[142.141452,27.688951],[142.14131,27.688916],[142.141183,27.688823],[142.141036,27.688816],[142.140926,27.688714],[142.140839,27.688693],[142.140767,27.688644],[142.140665,27.688654],[142.140609,27.688643],[142.14049,27.688563],[142.140438,27.688604],[142.140205,27.688633],[142.140165,27.688621],[142.140098,27.688566],[142.140102,27.688466],[142.140058,27.688396],[142.140072,27.688306],[142.140121,27.688241],[142.14007,27.688175],[142.140068,27.688032],[142.140024,27.687983],[142.140016,27.687833],[142.140068,27.687779],[142.140052,27.687684],[142.140086,27.687579],[142.140159,27.68752],[142.140163,27.687408],[142.140249,27.687297],[142.140257,27.687202],[142.140299,27.68712],[142.140364,27.687081],[142.140338,27.686981],[142.14039,27.686876],[142.140335,27.686783],[142.140345,27.686676],[142.140227,27.686625],[142.140185,27.686561],[142.140118,27.68657],[142.140072,27.686557],[142.140006,27.686502],[142.139978,27.686446],[142.139837,27.686454],[142.139717,27.686378],[142.139639,27.686391],[142.139528,27.686336],[142.13947,27.686284],[142.13946,27.686248],[142.13941,27.686248],[142.139378,27.686228],[142.139295,27.686159],[142.139249,27.686094],[142.139136,27.68604],[142.139078,27.685936],[142.138948,27.68587],[142.138913,27.685774],[142.138831,27.685743],[142.138719,27.685634],[142.138558,27.685675],[142.138428,27.685769],[142.138468,27.685766],[142.138505,27.685878],[142.138498,27.685971],[142.138445,27.686009],[142.13845,27.68608],[142.13841,27.686214],[142.138379,27.686261],[142.138366,27.686375],[142.138289,27.686438],[142.138259,27.686511],[142.138134,27.686586],[142.13802,27.68659],[142.137973,27.686635],[142.137913,27.686649],[142.137833,27.686647],[142.137773,27.686612],[142.137705,27.686678],[142.137648,27.686683],[142.137635,27.686824],[142.137543,27.686862],[142.137528,27.686931],[142.13749,27.686966],[142.137412,27.686979],[142.137326,27.68697],[142.13727,27.686913],[142.137225,27.68695],[142.13719,27.686952],[142.137095,27.686922],[142.136986,27.686802],[142.136958,27.686748],[142.136946,27.686714],[142.136962,27.686664],[142.13688,27.686642],[142.136848,27.686551],[142.13676,27.686587],[142.136625,27.686563],[142.136613,27.686619],[142.136588,27.68664],[142.136464,27.686688],[142.136525,27.686824],[142.136486,27.68688],[142.13654,27.686935],[142.136562,27.687027],[142.136535,27.6871],[142.136585,27.687165],[142.136568,27.687245],[142.136496,27.687314],[142.13631,27.687363],[142.136245,27.687363],[142.136122,27.687302],[142.135972,27.687313],[142.135851,27.687239],[142.135825,27.687163],[142.135717,27.687177],[142.135671,27.687159],[142.135588,27.687096],[142.135566,27.687039],[142.135498,27.687038],[142.135465,27.687016],[142.13538,27.686903],[142.135382,27.686791],[142.135365,27.686761],[142.13529,27.686714],[142.135259,27.686553],[142.135126,27.686553],[142.135044,27.686474],[142.134891,27.68646],[142.134793,27.686395],[142.134761,27.686322],[142.134656,27.686344],[142.134575,27.686314],[142.134528,27.686287],[142.134483,27.686214],[142.134425,27.686264],[142.13439,27.686269],[142.134274,27.686255],[142.134197,27.686218],[142.134091,27.686241],[142.13396,27.686193],[142.133898,27.686121],[142.133809,27.686112],[142.133765,27.686087],[142.133693,27.686032],[142.133667,27.685982],[142.133546,27.68597],[142.133414,27.685901],[142.133283,27.685896],[142.133217,27.685869],[142.133117,27.685818],[142.13308,27.685771],[142.132998,27.685741],[142.132938,27.685669],[142.132839,27.685605],[142.132817,27.685573],[142.13282,27.685487],[142.132744,27.685498],[142.132605,27.68556],[142.132566,27.685658],[142.13252,27.685691],[142.132514,27.685833],[142.132558,27.685893],[142.132576,27.686026],[142.132564,27.686076],[142.132526,27.686119],[142.132538,27.686256],[142.132452,27.686347],[142.132436,27.686495],[142.132381,27.686626],[142.132389,27.686748],[142.132349,27.686803],[142.132385,27.686857],[142.132396,27.686929],[142.132383,27.687009],[142.132303,27.687118],[142.132317,27.687213],[142.132233,27.687354],[142.132271,27.687409],[142.132277,27.687502],[142.132261,27.687591],[142.1320244,27.6876829],[142.1320779,27.6878023],[142.1321661,27.6879049],[142.1322537,27.6880068],[142.1323156,27.6880788],[142.1323207,27.6881347],[142.1323383,27.6883268],[142.132298,27.6884212],[142.1322398,27.6884631],[142.1321248,27.6883916],[142.1319532,27.688319],[142.1316217,27.6881752],[142.1315848,27.6882405],[142.1315914,27.6883446],[142.1314695,27.6882293],[142.1314283,27.6880569],[142.131506,27.688586],[142.131446,27.688609],[142.131335,27.688611],[142.131317,27.688686],[142.131247,27.688739],[142.131307,27.688775],[142.131333,27.688814],[142.131333,27.688905],[142.131313,27.68895],[142.131333,27.688991],[142.131329,27.689054],[142.131305,27.68912],[142.131204,27.689175],[142.131173,27.68922],[142.13106,27.689259],[142.130933,27.689247],[142.130859,27.689222],[142.130803,27.68917],[142.130759,27.68917],[142.130654,27.689097],[142.130616,27.689048],[142.130602,27.688982],[142.130509,27.688912],[142.130475,27.68886],[142.130461,27.688801],[142.130373,27.688751],[142.130329,27.68869],[142.130238,27.688765],[142.130128,27.688758],[142.130046,27.688796],[142.129989,27.688802],[142.129931,27.688791],[142.129843,27.688721],[142.129804,27.688718],[142.129718,27.688671],[142.129666,27.688577],[142.129596,27.688507],[142.129589,27.688441],[142.129624,27.688398],[142.129632,27.688337],[142.129708,27.688319],[142.129704,27.688251],[142.12977,27.688192],[142.129668,27.688034],[142.129547,27.687894],[142.129397,27.687819],[142.129338,27.687879],[142.1293,27.687883],[142.129156,27.687847],[142.129053,27.687859],[142.128979,27.68784],[142.128925,27.687893],[142.128836,27.687904],[142.128826,27.68799],[142.12877,27.688074],[142.128668,27.688086],[142.128658,27.68813],[142.128629,27.688161],[142.128581,27.688176],[142.128501,27.68818],[142.128449,27.688157],[142.128368,27.688194],[142.128252,27.688167],[142.128161,27.688186],[142.128103,27.688165],[142.128057,27.688111],[142.127941,27.688081],[142.127884,27.688018],[142.12787,27.687961],[142.12781,27.687945],[142.127768,27.687904],[142.127742,27.687854],[142.127758,27.687773],[142.12773,27.687741],[142.127762,27.68759],[142.127684,27.687589],[142.127629,27.687565],[142.127531,27.687585],[142.127362,27.687551],[142.127206,27.687466],[142.127105,27.687341],[142.127012,27.687346],[142.126944,27.687308],[142.12687,27.68733],[142.126749,27.687314],[142.126672,27.687249],[142.126641,27.687244],[142.126611,27.687269],[142.126559,27.687276],[142.126437,27.687253],[142.126372,27.687205],[142.126215,27.687196],[142.126151,27.687174],[142.126069,27.687111],[142.126032,27.687136],[142.12594,27.687135],[142.125884,27.687111],[142.125807,27.687046],[142.125747,27.687046],[142.125681,27.68701],[142.125614,27.686946],[142.125594,27.686999],[142.125499,27.687081],[142.125412,27.687086],[142.125281,27.687064],[142.125212,27.686991],[142.125212,27.686949],[142.125231,27.686916],[142.125236,27.686811],[142.125261,27.686771],[142.125332,27.686751],[142.125359,27.686726],[142.125321,27.686664],[142.125339,27.686574],[142.125229,27.686561],[142.125179,27.686493],[142.125104,27.686453],[142.125085,27.686426],[142.125092,27.686343],[142.125164,27.686273],[142.125152,27.686158],[142.125179,27.686133],[142.125146,27.686121],[142.125104,27.686024],[142.12514,27.685926],[142.125112,27.685899],[142.125104,27.685844],[142.125149,27.685736],[142.125079,27.685661],[142.125055,27.685533],[142.124933,27.685521],[142.124845,27.685425],[142.124806,27.68545],[142.124622,27.685446],[142.124567,27.685468],[142.124453,27.685436],[142.124397,27.685359],[142.12435,27.685406],[142.124198,27.68541],[142.124132,27.685362],[142.124057,27.685376],[142.124015,27.685363],[142.123925,27.685301],[142.123894,27.685088],[142.123957,27.684993],[142.123927,27.684947],[142.123927,27.684908],[142.123979,27.6848],[142.123915,27.684786],[142.123854,27.684702],[142.123838,27.684643],[142.123792,27.684638],[142.12369,27.684581],[142.123637,27.684491],[142.123591,27.684452],[142.123591,27.684361],[142.123615,27.684327],[142.123764,27.684275],[142.123864,27.684277],[142.123898,27.68419],[142.123943,27.684165],[142.123899,27.684143],[142.123848,27.68409],[142.123852,27.683986],[142.123882,27.683955],[142.123928,27.683945],[142.123941,27.683873],[142.123991,27.683834],[142.123981,27.683725],[142.124003,27.683664],[142.123947,27.683653],[142.123922,27.683613],[142.123922,27.683508],[142.123938,27.683487],[142.123977,27.683476],[142.123995,27.683426],[142.124035,27.683403],[142.12417,27.683422],[142.124206,27.683363],[142.124268,27.683349],[142.124344,27.683349],[142.124415,27.683372],[142.124585,27.683362],[142.124664,27.683397],[142.124746,27.683397],[142.124861,27.683435],[142.124919,27.683481],[142.124979,27.683565],[142.125082,27.683605],[142.125158,27.683716],[142.125224,27.683873],[142.125204,27.683981],[142.12523,27.684076],[142.125202,27.684128],[142.125264,27.684126],[142.125318,27.684148],[142.125365,27.684199],[142.125515,27.684211],[142.125619,27.684274],[142.125672,27.684233],[142.125702,27.684233],[142.125825,27.684302],[142.125869,27.684263],[142.126099,27.684149],[142.126471,27.684026],[142.126466,27.683905],[142.126526,27.68383],[142.126622,27.683801],[142.126679,27.683733],[142.126814,27.683681],[142.126872,27.683554],[142.126816,27.683467],[142.126812,27.683372],[142.126772,27.683276],[142.126812,27.68312],[142.126777,27.683122],[142.126764,27.683068],[142.126792,27.682995],[142.126862,27.682927],[142.126947,27.682917],[142.126952,27.682877],[142.127007,27.682827],[142.127119,27.682779],[142.127099,27.682683],[142.127111,27.682634],[142.127069,27.682639],[142.127012,27.682616],[142.126997,27.682551],[142.127022,27.68251],[142.126971,27.682473],[142.126957,27.682437],[142.126964,27.682389],[142.127015,27.682323],[142.127129,27.682287],[142.127142,27.682068],[142.127167,27.681973],[142.127141,27.681929],[142.127132,27.681841],[142.127209,27.681738],[142.12731,27.681738],[142.127372,27.681677],[142.127512,27.681693],[142.127552,27.68165],[142.127601,27.681632],[142.127686,27.681634],[142.127742,27.681679],[142.128354,27.681704],[142.128494,27.681664],[142.12879,27.681651],[142.12893,27.681628],[142.129031,27.681563],[142.129126,27.681314],[142.129316,27.681125],[142.129339,27.681095],[142.129248,27.681074],[142.129208,27.681048],[142.129124,27.680822],[142.129126,27.680792],[142.1292,27.680672],[142.129254,27.680634],[142.129327,27.680625],[142.129335,27.680506],[142.129371,27.68045],[142.129313,27.680379],[142.129327,27.680279],[142.129314,27.680214],[142.129359,27.680077],[142.129439,27.680018],[142.129473,27.67993],[142.129564,27.679854],[142.129709,27.679825],[142.129813,27.679779],[142.129891,27.679782],[142.129925,27.679809],[142.129945,27.679804],[142.129968,27.679719],[142.130026,27.679644],[142.130024,27.679501],[142.130078,27.67944],[142.130108,27.679343],[142.130168,27.679266],[142.130216,27.679232],[142.130301,27.679212],[142.130327,27.679169],[142.130421,27.679108],[142.130506,27.679092],[142.130564,27.679061],[142.130731,27.678861],[142.130799,27.678826],[142.130803,27.67877],[142.130851,27.678684],[142.130891,27.678558],[142.130924,27.678524],[142.13098,27.678504],[142.131028,27.67842],[142.131066,27.678388],[142.131106,27.678379],[142.131299,27.678382],[142.131376,27.678439],[142.131442,27.678409],[142.131488,27.678413],[142.131599,27.678502],[142.131637,27.678558],[142.131655,27.678631],[142.131604,27.67869],[142.131621,27.678813],[142.13154,27.678924],[142.131538,27.679072],[142.13149,27.679143],[142.13152,27.679311],[142.131452,27.679396],[142.131544,27.679502],[142.131554,27.679571],[142.131633,27.679623],[142.131654,27.679723],[142.131731,27.679675],[142.131799,27.679672],[142.131873,27.6797],[142.131904,27.679736],[142.132038,27.67968],[142.132129,27.679678],[142.132203,27.679707],[142.132259,27.679648],[142.132374,27.679619],[142.132398,27.679499],[142.132478,27.679379],[142.132444,27.67931],[142.13244,27.679254],[142.132508,27.67915],[142.132494,27.679087],[142.13251,27.679044],[142.132607,27.678928],[142.132695,27.678909],[142.132749,27.678857],[142.13288,27.678844],[142.132926,27.678851],[142.132978,27.678909],[142.133071,27.678894],[142.133135,27.678928],[142.133169,27.679035],[142.133147,27.679141],[142.133219,27.679184],[142.133233,27.679255],[142.133183,27.679405],[142.133253,27.679468],[142.133259,27.679513],[142.133256,27.679592],[142.133201,27.679704],[142.133238,27.67974],[142.133248,27.679776],[142.133248,27.679889],[142.133187,27.679974],[142.133243,27.680067],[142.133217,27.680203],[142.133167,27.68026],[142.13318,27.6803],[142.133189,27.680351],[142.133167,27.680449],[142.133091,27.680531],[142.133117,27.680602],[142.133109,27.680658],[142.133023,27.68075],[142.133043,27.680828],[142.133036,27.680892],[142.132992,27.680985],[142.133143,27.68112],[142.13334,27.681244],[142.133473,27.6813],[142.13398,27.681481],[142.134208,27.681481],[142.134282,27.681415],[142.134384,27.681443],[142.13443,27.681435],[142.134497,27.681462],[142.134535,27.681504],[142.134541,27.681574],[142.134609,27.681617]]],[[[142.1327939,27.6888669],[142.1327202,27.6889417],[142.1325564,27.6889379],[142.132379,27.6889605],[142.132359,27.688877],[142.132367,27.6888],[142.1322835,27.688707],[142.1323448,27.6886518],[142.1323445,27.6884998],[142.1325338,27.6884937],[142.1325558,27.6885607],[142.1326262,27.688606],[142.1326827,27.6886388],[142.1327498,27.6886452],[142.1327933,27.6886547],[142.1328908,27.6886907],[142.1329068,27.6887197],[142.132873,27.6887811],[142.1327939,27.6888669]]],[[[142.1570886,27.66607],[142.1570258,27.666052],[142.1569669,27.6660689],[142.1569559,27.6660994],[142.156882,27.6661333],[142.1568331,27.6661306],[142.1567947,27.6661699],[142.1567482,27.6661853],[142.1567093,27.6661947],[142.1567111,27.6661763],[142.1566864,27.6661803],[142.1567369,27.6660921],[142.156816,27.6661116],[142.1568465,27.6660861],[142.1568348,27.6660126],[142.1568756,27.6659951],[142.1568249,27.6659596],[142.1568717,27.6659084],[142.156887,27.6658829],[142.1569362,27.6658682],[142.157021,27.665856],[142.1570682,27.6658141],[142.1570044,27.6658073],[142.1569893,27.6657854],[142.1570349,27.665758],[142.157091,27.6658005],[142.1571393,27.6657939],[142.1571798,27.6657633],[142.1571743,27.6658316],[142.1571212,27.665954],[142.1570886,27.66607]]],[[[142.1563891,27.6648466],[142.156372,27.6648804],[142.1563011,27.6648595],[142.156276,27.6648545],[142.1562335,27.664852],[142.1562307,27.6648155],[142.156234,27.6647226],[142.1562754,27.6647049],[142.1564505,27.6647147],[142.156512,27.6647787],[142.156439,27.6647969],[142.1564083,27.6648058],[142.1563891,27.6648466]]],[[[142.1562769,27.6645509],[142.1562255,27.6645346],[142.1562167,27.6644811],[142.1562389,27.6644174],[142.1562745,27.6643923],[142.1563423,27.6643657],[142.156369,27.6643091],[142.156429,27.6644169],[142.1563788,27.6644351],[142.1563364,27.6644668],[142.1563291,27.6645334],[142.1562769,27.6645509]]],[[[142.1574815,27.6614189],[142.1574435,27.6614799],[142.157412,27.6614827],[142.1573802,27.6615128],[142.1573455,27.6616229],[142.1572565,27.6616269],[142.1572275,27.6616689],[142.1571885,27.6616879],[142.1571165,27.6616849],[142.1570895,27.6616659],[142.1570355,27.6615789],[142.1570625,27.6614829],[142.1571059,27.6613948],[142.1570804,27.6612979],[142.1571697,27.6612419],[142.1572,27.661395],[142.1572511,27.6613672],[142.1573215,27.6613504],[142.1573459,27.6613237],[142.1574237,27.66132],[142.1574855,27.6613359],[142.1574815,27.6614189]]],[[[142.1589797,27.6577629],[142.1589801,27.6578971],[142.159199,27.657872],[142.159265,27.657954],[142.159265,27.657997],[142.159223,27.658025],[142.159216,27.658059],[142.159234,27.658155],[142.159212,27.658207],[142.159179,27.658236],[142.159067,27.658262],[142.15904,27.658376],[142.158962,27.65841],[142.158853,27.658416],[142.158818,27.65848],[142.158728,27.658529],[142.158653,27.658516],[142.158684,27.658567],[142.15869,27.6587],[142.158758,27.658725],[142.158793,27.658759],[142.158802,27.658801],[142.158762,27.658886],[142.158804,27.658922],[142.158806,27.658977],[142.158791,27.659046],[142.158755,27.659082],[142.158717,27.659094],[142.158642,27.659082],[142.158606,27.659126],[142.158561,27.659139],[142.158508,27.659139],[142.158345,27.659069],[142.158302,27.659102],[142.158145,27.659119],[142.158143,27.659212],[142.158107,27.659312],[142.158158,27.659394],[142.158158,27.659426],[142.158071,27.659531],[142.158095,27.659567],[142.1581,27.659651],[142.158013,27.65974],[142.158055,27.659788],[142.158035,27.659929],[142.158131,27.659927],[142.158209,27.659977],[142.158323,27.659974],[142.158368,27.659996],[142.158416,27.660063],[142.158492,27.660109],[142.158494,27.660252],[142.15853,27.660307],[142.15847,27.660441],[142.158519,27.660467],[142.158543,27.660514],[142.158552,27.660635],[142.158503,27.660687],[142.158548,27.660725],[142.158559,27.660807],[142.158465,27.66093],[142.158579,27.660967],[142.158586,27.66104],[142.158654,27.661128],[142.158649,27.661211],[142.1586,27.661284],[142.158535,27.66142],[142.158615,27.661476],[142.158621,27.661538],[142.158689,27.661596],[142.158705,27.661654],[142.158682,27.661722],[142.158637,27.661744],[142.158635,27.661814],[142.158606,27.661872],[142.158525,27.661896],[142.158545,27.661944],[142.158694,27.661961],[142.158785,27.662051],[142.15892,27.662048],[142.158985,27.662104],[142.158999,27.662163],[142.15908,27.662206],[142.159117,27.662308],[142.159115,27.662366],[142.159092,27.662405],[142.159034,27.66245],[142.15907,27.662583],[142.159059,27.662627],[142.15895,27.662693],[142.158989,27.662813],[142.158974,27.662864],[142.158835,27.662909],[142.158832,27.663051],[142.158814,27.663087],[142.158787,27.663114],[142.158725,27.663123],[142.158702,27.66322],[142.158574,27.663254],[142.158584,27.663356],[142.158565,27.663395],[142.158542,27.663427],[142.15845,27.66344],[142.158419,27.663551],[142.158379,27.663588],[142.15831,27.663615],[142.158246,27.6636625],[142.158155,27.6637145],[142.1581053,27.663751],[142.1580047,27.6637456],[142.1580197,27.6636947],[142.1579245,27.6636648],[142.1578663,27.6637712],[142.1577873,27.6638876],[142.1576872,27.6639486],[142.1576393,27.6640095],[142.1575659,27.6639751],[142.1575145,27.6639887],[142.1574456,27.6640986],[142.1573432,27.6641375],[142.1573203,27.6641996],[142.157266,27.664269],[142.157244,27.664346],[142.1572,27.664387],[142.157164,27.664406],[142.157106,27.664401],[142.157024,27.664448],[142.1570458,27.6643384],[142.1571617,27.664257],[142.1571468,27.6641774],[142.1571823,27.6640938],[142.1571811,27.6639794],[142.15708,27.6639905],[142.1569749,27.6640224],[142.1570692,27.6639261],[142.1571119,27.663831],[142.1572208,27.6637357],[142.1572029,27.6636824],[142.1572024,27.6636598],[142.1572237,27.6636191],[142.1572843,27.6636176],[142.1572767,27.6635798],[142.1572864,27.6635427],[142.1573239,27.6635062],[142.157365,27.6634935],[142.1574044,27.663488],[142.157377,27.663463],[142.1573864,27.6634283],[142.1574151,27.6634178],[142.1574427,27.6633938],[142.1574567,27.6633467],[142.157455,27.6633059],[142.1575101,27.6632894],[142.157541,27.6632493],[142.1575791,27.6632456],[142.1576336,27.663193],[142.1576708,27.6631998],[142.157725,27.6631458],[142.1578234,27.6631311],[142.1578029,27.6630633],[142.1578051,27.6629392],[142.1579051,27.6627862],[142.1578592,27.6627097],[142.1578917,27.6626194],[142.1579226,27.6624964],[142.1580121,27.6623943],[142.1579989,27.6622821],[142.1581135,27.6621465],[142.1582549,27.6620256],[142.1581891,27.661917],[142.1581319,27.661794],[142.1581315,27.6616426],[142.1581242,27.6614991],[142.1580456,27.6614133],[142.1579597,27.6613758],[142.1578983,27.6613524],[142.157869,27.6613461],[142.1578855,27.6612994],[142.1578452,27.6612951],[142.1578056,27.6612941],[142.1577721,27.6612745],[142.1577238,27.6612392],[142.15764,27.6611616],[142.157587,27.6610805],[142.157569,27.661037],[142.1576289,27.6609867],[142.157592,27.660943],[142.157643,27.660857],[142.157676,27.660834],[142.157757,27.660826],[142.157777,27.660751],[142.157819,27.660721],[142.157783,27.660666],[142.1578424,27.6605982],[142.1579607,27.6605022],[142.1579194,27.660424],[142.1579002,27.6603408],[142.157879,27.6602806],[142.1578369,27.6602156],[142.1578467,27.6601588],[142.1578233,27.6601108],[142.157788,27.660095],[142.157765,27.660013],[142.157813,27.659906],[142.157699,27.659908],[142.157645,27.659871],[142.157581,27.659891],[142.157515,27.659866],[142.15751,27.659791],[142.157533,27.659753],[142.157504,27.659694],[142.157533,27.659631],[142.157589,27.659596],[142.157591,27.659578],[142.15741,27.659631],[142.157356,27.659624],[142.157301,27.659592],[142.157118,27.659603],[142.157049,27.65955],[142.156951,27.659582],[142.156881,27.659661],[142.156853,27.659665],[142.15683,27.659653],[142.156813,27.659587],[142.156831,27.659552],[142.156873,27.659537],[142.156873,27.659474],[142.156793,27.65954],[142.156723,27.659544],[142.15665,27.65959],[142.156556,27.659573],[142.156532,27.659586],[142.156525,27.659617],[142.156451,27.659619],[142.156378,27.65957],[142.156387,27.659472],[142.1565425,27.6593225],[142.1565236,27.6592268],[142.1566394,27.6591099],[142.1566768,27.6589983],[142.156701,27.6588946],[142.1566814,27.6588217],[142.1567187,27.6587414],[142.1567634,27.6586577],[142.1568101,27.6586165],[142.1569041,27.6585918],[142.157056,27.658537],[142.1571977,27.6585276],[142.1573146,27.6585727],[142.1574227,27.6584804],[142.1574738,27.6584329],[142.1575313,27.6583697],[142.1575568,27.6583297],[142.1576589,27.658168],[142.157746,27.65825],[142.157746,27.658164],[142.157786,27.658111],[142.157853,27.658079],[142.157874,27.657959],[142.157905,27.657915],[142.15801,27.657882],[142.1581099,27.6578307],[142.158157,27.6578289],[142.158167,27.657892],[142.1582647,27.6578658],[142.1583298,27.6578235],[142.158419,27.6578103],[142.1584554,27.6578341],[142.158538,27.6578239],[142.1586265,27.6578278],[142.1587215,27.6577553],[142.1589797,27.6577629]]],[[[142.1584657,27.6551151],[142.1583949,27.6550254],[142.1584891,27.6548742],[142.158567,27.6549935],[142.1586291,27.655087],[142.1587362,27.6550022],[142.1587486,27.6551058],[142.1588067,27.6552148],[142.1587677,27.6553375],[142.1587,27.6554764],[142.1586,27.6554632],[142.1585825,27.6555842],[142.1585298,27.6556097],[142.1584359,27.6557171],[142.1583874,27.6556431],[142.1583272,27.6556091],[142.1583924,27.6555172],[142.1584357,27.6554768],[142.1584091,27.655411],[142.1585109,27.6553587],[142.1585071,27.655291],[142.1585049,27.6552252],[142.1584657,27.6551151]]],[[[142.1588037,27.6559671],[142.158875,27.6560057],[142.1589113,27.6560467],[142.1589234,27.656107],[142.1588627,27.6561821],[142.1588377,27.6561341],[142.1588267,27.6560931],[142.1588397,27.6560531],[142.1588087,27.6560161],[142.1588037,27.6559671]]],[[[142.1584293,27.6547536],[142.1584468,27.6548863],[142.1583745,27.6550124],[142.1582299,27.6550722],[142.1582139,27.6550272],[142.1582211,27.6549888],[142.158196,27.654926],[142.158199,27.654861],[142.158228,27.654809],[142.15827,27.654775],[142.1583719,27.6546662],[142.1584293,27.6547536]]],[[[142.1591674,27.6560052],[142.1592333,27.6560152],[142.1591932,27.6560551],[142.1592831,27.6560747],[142.1593116,27.6560062],[142.1594799,27.6559802],[142.159449,27.656117],[142.1593418,27.6561861],[142.1593707,27.6562668],[142.1594284,27.6563412],[142.1593281,27.6564829],[142.1591921,27.6564102],[142.1591425,27.6563512],[142.1591455,27.6562798],[142.1590777,27.6562525],[142.1590635,27.6561768],[142.1591674,27.6560052]]],[[[142.1593478,27.6566698],[142.1590741,27.6568096],[142.1590495,27.6567776],[142.1590543,27.6567263],[142.1592063,27.6566907],[142.159223,27.6565854],[142.15931,27.6566434],[142.1593478,27.6566698]]],[[[142.1593557,27.6568852],[142.1594143,27.6569294],[142.1595437,27.6570043],[142.1595285,27.6570415],[142.1593755,27.6570419],[142.1593178,27.6570744],[142.1593458,27.6571525],[142.1594133,27.6572116],[142.159425,27.657266],[142.159385,27.657321],[142.1593314,27.6573228],[142.1592548,27.6572939],[142.1591959,27.6572508],[142.1592049,27.6571903],[142.1590997,27.6572043],[142.1590361,27.657148],[142.1589802,27.6570497],[142.1589907,27.6569963],[142.1591754,27.6569075],[142.1593557,27.6568852]]],[[[142.1587447,27.6573089],[142.1587773,27.657265],[142.1588252,27.6572513],[142.1588997,27.6572179],[142.1589319,27.6573077],[142.158917,27.6573719],[142.1589368,27.6574689],[142.1588868,27.657537],[142.1587668,27.6575643],[142.1586158,27.6575529],[142.1585547,27.6575088],[142.1586077,27.6574319],[142.1586707,27.6574345],[142.158728,27.657364],[142.1587447,27.6573089]]],[[[142.1576434,27.6581377],[142.1575644,27.6581497],[142.1574904,27.6581297],[142.1573994,27.6581727],[142.1573564,27.6581727],[142.1572964,27.6581417],[142.1572584,27.6581827],[142.1572204,27.6581967],[142.1571784,27.6581907],[142.1571134,27.6581327],[142.1570566,27.658085],[142.1568934,27.6581417],[142.1568297,27.6581775],[142.1567919,27.6581676],[142.1567659,27.6581009],[142.1568298,27.6580587],[142.1568632,27.6581025],[142.1570041,27.6580184],[142.1569863,27.6579774],[142.1570768,27.657896],[142.1571111,27.6579375],[142.1571581,27.6578908],[142.1572356,27.6579175],[142.1572485,27.6578926],[142.1571579,27.6578517],[142.1571817,27.6577947],[142.1573448,27.6576211],[142.1571849,27.6576192],[142.1572751,27.6575697],[142.1573699,27.6575613],[142.1571907,27.6575237],[142.1570968,27.6575277],[142.1570921,27.6574627],[142.1569345,27.6574778],[142.1569437,27.6574383],[142.1569762,27.65742],[142.156958,27.6573875],[142.1570392,27.6573728],[142.1570651,27.6574178],[142.1571895,27.6572416],[142.1572464,27.657258],[142.1572898,27.6573075],[142.1574568,27.6573929],[142.1575468,27.6573837],[142.1575405,27.6573308],[142.1576927,27.657382],[142.1577107,27.6574059],[142.1577442,27.6573864],[142.1577809,27.6574079],[142.1578214,27.6573591],[142.1579022,27.6573668],[142.1579297,27.6573868],[142.1579162,27.6574065],[142.1578878,27.6574104],[142.1578794,27.6574374],[142.1578026,27.6574743],[142.1577561,27.6574597],[142.1576177,27.657484],[142.1575475,27.6574459],[142.1574892,27.6574722],[142.1574132,27.6575134],[142.1574348,27.6575571],[142.157487,27.6576248],[142.1575926,27.6575988],[142.1577474,27.6576522],[142.1577992,27.6576839],[142.1578102,27.6577208],[142.1577868,27.657766],[142.157824,27.6577869],[142.1578904,27.6578127],[142.1578504,27.6578717],[142.1578133,27.6579285],[142.1577752,27.6579887],[142.1577054,27.6580577],[142.1576434,27.6581377]]],[[[142.1556345,27.6594088],[142.1556866,27.6593898],[142.1557395,27.6594197],[142.1558533,27.6594511],[142.1558788,27.6594901],[142.1559417,27.6594967],[142.15599,27.659545],[142.155972,27.6597017],[142.1559227,27.6597216],[142.1558381,27.6597403],[142.1557509,27.6597046],[142.1557722,27.6597426],[142.1557291,27.6597813],[142.1556796,27.6598192],[142.1555636,27.6598574],[142.1555952,27.6599446],[142.1555006,27.6598906],[142.1554499,27.6598916],[142.1554068,27.6598993],[142.1553761,27.6598816],[142.1553435,27.6598603],[142.1553921,27.6598166],[142.1553914,27.6597366],[142.1553505,27.6597146],[142.1553203,27.6596836],[142.1554794,27.6596553],[142.1554842,27.6595873],[142.1554304,27.6595593],[142.1553371,27.6595824],[142.1553524,27.6595177],[142.1553105,27.6594593],[142.1554929,27.659495],[142.1555463,27.6594337],[142.1555473,27.659389],[142.155577,27.6593637],[142.1556345,27.6594088]]],[[[142.1686664,27.6380933],[142.168617,27.6381388],[142.1685431,27.6381493],[142.1684948,27.6381703],[142.1684607,27.6381802],[142.1684329,27.6382268],[142.1683719,27.6382587],[142.1682763,27.6382476],[142.1682381,27.6382688],[142.1681481,27.6383793],[142.1680338,27.6383404],[142.1679322,27.6382578],[142.1678236,27.6382029],[142.1677526,27.6381647],[142.1677726,27.6380261],[142.1676826,27.6379657],[142.1677019,27.6379073],[142.1677044,27.6377837],[142.1678289,27.6377907],[142.1679287,27.6378005],[142.1679725,27.637818],[142.1680378,27.637847],[142.168106,27.6379149],[142.1680922,27.6378045],[142.1680677,27.6376795],[142.1681093,27.6375329],[142.1681482,27.6375141],[142.1682062,27.637484],[142.168131,27.6373599],[142.1681814,27.6371274],[142.1682601,27.6370325],[142.1682661,27.6369945],[142.1682944,27.6369442],[142.1683178,27.6369194],[142.1683453,27.6369046],[142.1683497,27.6368793],[142.1682439,27.6369018],[142.1682148,27.636829],[142.168283,27.636774],[142.1683416,27.6367415],[142.1684251,27.6367177],[142.1684687,27.6366835],[142.1685287,27.6366626],[142.1685696,27.6366924],[142.168606,27.6367246],[142.1686254,27.6367834],[142.168714,27.6368231],[142.168778,27.6368709],[142.1688389,27.6369132],[142.168838,27.6369644],[142.1689087,27.6370185],[142.1689595,27.6370771],[142.169003,27.6371093],[142.1690156,27.6371867],[142.1690847,27.6372084],[142.1690822,27.6372995],[142.1691967,27.6373655],[142.1691762,27.6374304],[142.1690575,27.6374174],[142.1689798,27.6374271],[142.1688634,27.6374318],[142.1686059,27.6374294],[142.1686327,27.637465],[142.1688299,27.6374698],[142.1688661,27.6375161],[142.1689327,27.6375668],[142.169016,27.6376262],[142.1690346,27.6376776],[142.169018,27.6377237],[142.1689848,27.6377539],[142.1689973,27.6377738],[142.1689755,27.6378219],[142.1689738,27.6378767],[142.168936,27.637924],[142.1689345,27.6379468],[142.1688905,27.6380005],[142.1688203,27.6380271],[142.1687451,27.6380485],[142.1686664,27.6380933]]],[[[142.1730068,27.6267094],[142.1731177,27.6267771],[142.1732876,27.626703],[142.1733278,27.6265298],[142.1733795,27.6264061],[142.1733882,27.6263511],[142.1734728,27.6263379],[142.1734815,27.6262208],[142.1734361,27.6261775],[142.1734682,27.6261079],[142.1734947,27.6260441],[142.1734983,27.6259959],[142.1735734,27.62582],[142.1736163,27.6256299],[142.1736174,27.6255737],[142.1736204,27.6254208],[142.1736209,27.6253979],[142.1736214,27.6253733],[142.1736218,27.6253502],[142.1736224,27.6253214],[142.1736229,27.6252962],[142.1736235,27.6252645],[142.173624,27.6252396],[142.1736247,27.6252079],[142.1736264,27.6251197],[142.173628,27.6250376],[142.1736287,27.625003],[142.1736294,27.6249714],[142.1736302,27.6249306],[142.1736308,27.624899],[142.1736315,27.6248643],[142.1736327,27.6248042],[142.1736339,27.6247414],[142.1736992,27.6246812],[142.1737231,27.6245573],[142.1737129,27.624479],[142.1736652,27.6243552],[142.173655,27.6242605],[142.1737141,27.6241695],[142.1736918,27.6241153],[142.1737845,27.6240941],[142.1738164,27.6240391],[142.1738773,27.6239928],[142.1739043,27.6239406],[142.1739218,27.6238916],[142.1739543,27.6238568],[142.1739841,27.6237482],[142.1740556,27.6236384],[142.1741318,27.6236011],[142.1741773,27.6236399],[142.174114,27.6237207],[142.1741113,27.6237744],[142.1741846,27.6237613],[142.1742472,27.6238681],[142.174276,27.6239445],[142.1743163,27.6240413],[142.1743511,27.6240719],[142.1743491,27.6240963],[142.174426,27.6241388],[142.174492,27.6241543],[142.1745034,27.6242041],[142.1745658,27.6242468],[142.1745874,27.6243198],[142.1746389,27.6243115],[142.1746538,27.6242366],[142.1747086,27.6242229],[142.1747811,27.6242241],[142.1748392,27.6242405],[142.1749187,27.6242438],[142.1749687,27.6242351],[142.1750541,27.6241808],[142.1750921,27.6240975],[142.1751279,27.6240948],[142.1751352,27.6240058],[142.1751772,27.6239679],[142.1751518,27.6239025],[142.1751657,27.6238708],[142.1752086,27.6238804],[142.1752472,27.6238209],[142.1753117,27.6238621],[142.1753575,27.623862],[142.1754044,27.6238333],[142.175431,27.6237692],[142.1754828,27.6237646],[142.1755177,27.6237615],[142.1755657,27.6237572],[142.1756222,27.6237521],[142.1756864,27.6237464],[142.1757089,27.6237018],[142.1757292,27.6236572],[142.1757486,27.6235968],[142.1757726,27.6235559],[142.1757974,27.6235079],[142.1758384,27.623541],[142.1758727,27.6235103],[142.1759512,27.6235174],[142.1760721,27.6234338],[142.1761262,27.6233474],[142.1760573,27.6230818],[142.1760676,27.6229887],[142.1759281,27.6229796],[142.1756581,27.6227077],[142.1757879,27.6226195],[142.175631,27.6226165],[142.1755439,27.6225797],[142.1754528,27.6224614],[142.1753303,27.6223862],[142.1753012,27.6223089],[142.1752685,27.622222],[142.1752739,27.622127],[142.1752516,27.622054],[142.1752522,27.6220323],[142.1753126,27.6220717],[142.1752944,27.6220262],[142.1752719,27.6219778],[142.1752813,27.6219465],[142.1753156,27.6219714],[142.1753546,27.6220006],[142.1753397,27.6219529],[142.1752786,27.6219242],[142.1753357,27.6218409],[142.1754127,27.6218597],[142.1754725,27.6218269],[142.1757121,27.6218988],[142.1757661,27.6219423],[142.1757568,27.6220261],[142.1758103,27.6220529],[142.1757635,27.6221106],[142.1758193,27.622174],[142.1758964,27.6221775],[142.1759336,27.622209],[142.1758901,27.6222155],[142.1758541,27.6222014],[142.1758251,27.6222308],[142.1759248,27.6222841],[142.1759612,27.6223541],[142.1759557,27.6224303],[142.1760165,27.6225528],[142.1760388,27.6225919],[142.1761424,27.6225947],[142.1762613,27.6226821],[142.1762847,27.6227698],[142.1763262,27.6228148],[142.1762856,27.6228528],[142.1763277,27.6228885],[142.1763281,27.6229762],[142.1763812,27.6230306],[142.1764,27.6231716],[142.1764359,27.6232481],[142.1764422,27.623142],[142.1765055,27.6230235],[142.1765234,27.6229247],[142.1765752,27.6229159],[142.1766051,27.6228172],[142.1766271,27.6228303],[142.176685,27.6228756],[142.1766345,27.6230461],[142.1766471,27.6230839],[142.1766308,27.6231387],[142.1766745,27.6231843],[142.1767289,27.6231946],[142.1767849,27.6231144],[142.176884,27.623041],[142.1769599,27.6230542],[142.1769265,27.6231326],[142.1770272,27.6231741],[142.177177,27.6232142],[142.1770881,27.623267],[142.1771292,27.6232829],[142.1771795,27.6233419],[142.1770726,27.6233713],[142.1770605,27.623438],[142.1771594,27.6234505],[142.1771637,27.6235786],[142.1770519,27.6235634],[142.1770381,27.6236283],[142.176987,27.6237399],[142.1769734,27.6237975],[142.1769041,27.623828],[142.1768425,27.6238349],[142.1767969,27.6239235],[142.1767617,27.6240087],[142.1767089,27.6240718],[142.1766724,27.6241167],[142.176608,27.6241822],[142.1765542,27.6242638],[142.1765621,27.6243804],[142.1765489,27.6244652],[142.1765919,27.6245163],[142.1765924,27.6245812],[142.1765927,27.6246214],[142.1765931,27.6246825],[142.1766299,27.6247054],[142.176772,27.624749],[142.1768531,27.6247782],[142.1769336,27.6247741],[142.1770076,27.6247428],[142.1770698,27.6246888],[142.1771265,27.6245793],[142.1771413,27.6245508],[142.1771524,27.6245293],[142.1772117,27.6245259],[142.1772224,27.6244913],[142.1772208,27.6244429],[142.1771681,27.6244132],[142.1771716,27.6243333],[142.1771884,27.6242487],[142.1772462,27.6242452],[142.1772788,27.6242968],[142.1773317,27.6242874],[142.1773654,27.6242766],[142.1774159,27.624263],[142.1774271,27.6243372],[142.1774299,27.6243872],[142.1774707,27.6243823],[142.1775042,27.6244554],[142.1775404,27.6245343],[142.1775484,27.6245899],[142.1776399,27.6245546],[142.1776841,27.6245343],[142.1777105,27.6244957],[142.1777847,27.6244264],[142.1778711,27.6245001],[142.1779109,27.6245758],[142.1779137,27.6246511],[142.177958,27.6247181],[142.1779589,27.6247602],[142.1779267,27.6248171],[142.177898,27.624868],[142.1779053,27.6249165],[142.1779248,27.6249571],[142.1778802,27.6250005],[142.1778136,27.6250586],[142.1777281,27.6251332],[142.1777346,27.6251913],[142.1777828,27.6252697],[142.1778314,27.6253168],[142.1778649,27.6253504],[142.1778479,27.6254028],[142.1777944,27.6254546],[142.1777535,27.6255404],[142.177741,27.625578],[142.1776967,27.6256309],[142.1776355,27.6257046],[142.1775742,27.6257691],[142.1775113,27.6257995],[142.1774349,27.6258306],[142.1773516,27.6258738],[142.1773106,27.6259173],[142.1773263,27.6259924],[142.1773239,27.6260686],[142.1772739,27.6261663],[142.1772831,27.6262014],[142.1774526,27.6262083],[142.1775843,27.6263262],[142.1776797,27.6264135],[142.1777347,27.6264364],[142.1777816,27.6264359],[142.1778985,27.6263976],[142.177818,27.6263405],[142.177827,27.626279],[142.1778897,27.626276],[142.178109,27.6262657],[142.1782323,27.6262036],[142.1783235,27.6261715],[142.1783565,27.6260938],[142.178372,27.626009],[142.1783928,27.625925],[142.178419,27.625819],[142.1784333,27.6257754],[142.1784852,27.6257697],[142.178498,27.625704],[142.1784719,27.6256798],[142.17847,27.6256252],[142.1785142,27.6255425],[142.1785535,27.625471],[142.178608,27.625486],[142.178626,27.625523],[142.178666,27.625435],[142.1787321,27.6253642],[142.1787245,27.625324],[142.17874,27.625246],[142.178778,27.625231],[142.1788311,27.6252514],[142.1789023,27.6252059],[142.1789554,27.6250716],[142.179046,27.624954],[142.179004,27.624919],[142.178976,27.624858],[142.178969,27.624766],[142.179008,27.624705],[142.178971,27.624678],[142.178951,27.624635],[142.178981,27.624558],[142.179054,27.624508],[142.179045,27.624439],[142.179059,27.624398],[142.179082,27.624359],[142.179162,27.624334],[142.179185,27.62421],[142.179217,27.624183],[142.179293,27.624177],[142.179346,27.624064],[142.179438,27.624049],[142.179477,27.623953],[142.179516,27.623933],[142.179619,27.623929],[142.179677,27.623842],[142.179775,27.623832],[142.179835,27.623795],[142.179881,27.623805],[142.179929,27.623703],[142.179923,27.623594],[142.179987,27.623541],[142.180039,27.623421],[142.180099,27.623377],[142.180074,27.623338],[142.180083,27.623242],[142.180175,27.623199],[142.180154,27.623157],[142.180154,27.623092],[142.180196,27.623026],[142.180239,27.623006],[142.180246,27.62289],[142.180361,27.622723],[142.180471,27.622704],[142.180517,27.622657],[142.180602,27.622631],[142.180689,27.622694],[142.180724,27.622663],[142.180814,27.622655],[142.180912,27.622706],[142.180947,27.622743],[142.180993,27.622646],[142.181087,27.622628],[142.181082,27.622558],[142.181098,27.622515],[142.181135,27.622475],[142.181186,27.622455],[142.181167,27.62236],[142.181188,27.62232],[142.181229,27.62229],[142.181308,27.62227],[142.181289,27.62217],[142.181374,27.622075],[142.181372,27.622018],[142.181431,27.621926],[142.181461,27.62191],[142.18156,27.621915],[142.18167,27.621851],[142.181714,27.621845],[142.181797,27.621867],[142.181829,27.621955],[142.181852,27.621975],[142.181859,27.622061],[142.181801,27.622125],[142.181741,27.62214],[142.181737,27.622245],[142.181719,27.622279],[142.181659,27.622325],[142.18162,27.622315],[142.181629,27.622401],[142.181611,27.622469],[142.181576,27.622515],[142.181466,27.62256],[142.181482,27.622591],[142.181452,27.622668],[142.181346,27.622723],[142.181399,27.622723],[142.181461,27.622753],[142.181468,27.622821],[142.18145,27.622859],[142.181503,27.622882],[142.181537,27.622939],[142.181509,27.623066],[142.181562,27.623054],[142.181634,27.623089],[142.181643,27.623191],[142.181716,27.623205],[142.181728,27.62323],[142.181714,27.623338],[142.181778,27.623344],[142.181833,27.623248],[142.181909,27.623209],[142.18193,27.623103],[142.182013,27.623021],[142.182015,27.622917],[142.182118,27.622831],[142.182153,27.622695],[142.182194,27.622658],[142.182268,27.622651],[142.182297,27.622586],[142.182343,27.622554],[142.182449,27.622525],[142.182461,27.62242],[142.182502,27.622383],[142.182626,27.622356],[142.182642,27.622257],[142.182708,27.6222],[142.182761,27.622195],[142.182796,27.622128],[142.182834,27.622115],[142.182949,27.622158],[142.182977,27.622152],[142.182943,27.622107],[142.182938,27.622032],[142.182876,27.621991],[142.182866,27.621895],[142.182814,27.62188],[142.182773,27.621836],[142.182771,27.621803],[142.182826,27.621642],[142.182796,27.62152],[142.182858,27.621421],[142.182897,27.621288],[142.182998,27.621242],[142.183053,27.621125],[142.183191,27.621071],[142.183255,27.620948],[142.183287,27.620928],[142.183381,27.620922],[142.183464,27.62096],[142.18351,27.620915],[142.183551,27.620901],[142.183671,27.620935],[142.183707,27.620893],[142.183776,27.620883],[142.183831,27.620881],[142.1839,27.620905],[142.183965,27.62083],[142.18405,27.62079],[142.184004,27.620703],[142.184004,27.620595],[142.18396,27.620591],[142.183942,27.620565],[142.183935,27.620525],[142.183981,27.620455],[142.184018,27.620435],[142.184146,27.620448],[142.18419,27.620412],[142.1842675,27.6204101],[142.1842102,27.6205621],[142.1842012,27.6206964],[142.1845075,27.6205745],[142.1849025,27.6203315],[142.1847576,27.6203159],[142.1847725,27.6202403],[142.1849893,27.620173],[142.1849943,27.6200377],[142.1848277,27.6200416],[142.184727,27.619999],[142.1847614,27.6199577],[142.1847599,27.619935],[142.1848421,27.6199202],[142.1849398,27.6199694],[142.1849357,27.6199065],[142.1849588,27.6198679],[142.1849373,27.6197674],[142.1850124,27.6197534],[142.1851135,27.6197082],[142.1851551,27.6197295],[142.1852368,27.6196907],[142.1852532,27.6197585],[142.1853328,27.6197433],[142.185434,27.6197167],[142.1854873,27.6197606],[142.1854783,27.6196677],[142.1855127,27.6196588],[142.1855486,27.6196687],[142.185584,27.6197057],[142.1856183,27.6196972],[142.1856951,27.619741],[142.18567,27.6198052],[142.1856023,27.6198301],[142.185547,27.619913],[142.185611,27.619962],[142.185701,27.619931],[142.185807,27.619941],[142.185834,27.619968],[142.185848,27.620019],[142.185908,27.620039],[142.185928,27.620064],[142.185933,27.620129],[142.185894,27.620172],[142.185892,27.620223],[142.186006,27.620254],[142.186024,27.620274],[142.186028,27.620344],[142.186095,27.620339],[142.186146,27.620357],[142.186173,27.620459],[142.186222,27.620419],[142.186297,27.620419],[142.186318,27.620441],[142.186371,27.620416],[142.186435,27.620414],[142.186502,27.620445],[142.186541,27.620488],[142.186642,27.620474],[142.18672,27.620511],[142.186722,27.620664],[142.186702,27.620716],[142.186614,27.620767],[142.186515,27.620757],[142.186479,27.620815],[142.18644,27.620835],[142.186316,27.620813],[142.186304,27.62088],[142.186279,27.620905],[142.186166,27.62092],[142.186185,27.620991],[142.18616,27.621036],[142.186277,27.621055],[142.186339,27.621115],[142.186449,27.6211],[142.186513,27.621155],[142.186532,27.62121],[142.186614,27.621195],[142.186695,27.621213],[142.186718,27.62124],[142.186724,27.62131],[142.186772,27.621305],[142.186809,27.621336],[142.186832,27.621372],[142.186835,27.621455],[142.186788,27.621487],[142.186825,27.621522],[142.186835,27.621575],[142.186779,27.62166],[142.186846,27.621703],[142.18686,27.62174],[142.186828,27.621845],[142.186869,27.621878],[142.186894,27.621957],[142.186901,27.622022],[142.186947,27.621983],[142.186995,27.62197],[142.187103,27.62199],[142.187142,27.62202],[142.187248,27.621981],[142.187335,27.621987],[142.187356,27.622018],[142.187356,27.622065],[142.187455,27.622107],[142.187473,27.622142],[142.187434,27.622206],[142.187445,27.622245],[142.187425,27.622341],[142.187374,27.622388],[142.187312,27.62239],[142.187275,27.622492],[142.187147,27.622512],[142.187071,27.622567],[142.187016,27.62257],[142.186933,27.62252],[142.186901,27.622553],[142.18685,27.622567],[142.186777,27.62256],[142.186724,27.62252],[142.186618,27.622545],[142.186563,27.622535],[142.186483,27.622463],[142.186448,27.6225],[142.186357,27.6225],[142.18627,27.622438],[142.186235,27.62246],[142.186185,27.62246],[142.18613,27.622436],[142.186118,27.622472],[142.186086,27.622497],[142.186116,27.62255],[142.18612,27.622605],[142.1861,27.62265],[142.186019,27.622703],[142.18601,27.62276],[142.185985,27.622783],[142.185912,27.622815],[142.185829,27.622815],[142.185916,27.622906],[142.185953,27.622902],[142.186017,27.622932],[142.186083,27.623006],[142.186129,27.623],[142.186168,27.623016],[142.186219,27.623053],[142.186235,27.623086],[142.186251,27.623143],[142.186242,27.623182],[142.186136,27.623223],[142.1861,27.623285],[142.186063,27.6233],[142.185955,27.623291],[142.185918,27.623353],[142.185792,27.623381],[142.185836,27.623423],[142.185845,27.62351],[142.18589,27.623499],[142.185941,27.62351],[142.185964,27.62353],[142.185982,27.623593],[142.186157,27.623604],[142.186187,27.623625],[142.186189,27.623669],[142.186143,27.623743],[142.185996,27.623806],[142.186049,27.623849],[142.18607,27.623892],[142.186058,27.623943],[142.186001,27.623988],[142.186037,27.624026],[142.186056,27.624143],[142.186042,27.624186],[142.18595,27.624251],[142.185913,27.624363],[142.18587,27.624396],[142.185727,27.624398],[142.185647,27.624488],[142.185493,27.624498],[142.185557,27.624584],[142.18556,27.624641],[142.185613,27.624613],[142.185732,27.624615],[142.185773,27.624639],[142.185824,27.624707],[142.185913,27.624736],[142.18595,27.624779],[142.185966,27.624838],[142.185957,27.624907],[142.185886,27.624952],[142.185881,27.625021],[142.185858,27.625066],[142.185826,27.62508],[142.185663,27.625063],[142.185638,27.625121],[142.185569,27.625149],[142.1855245,27.62521],[142.1855414,27.6253518],[142.185536,27.6254469],[142.1854073,27.6255562],[142.1851015,27.6256988],[142.1848145,27.6257915],[142.1847582,27.6258129],[142.1847229,27.6258437],[142.1846831,27.6258818],[142.1846884,27.6259816],[142.1848199,27.6260838],[142.1849245,27.6261266],[142.1850371,27.6261503],[142.1850881,27.6261527],[142.1852356,27.6260862],[142.1853563,27.6261147],[142.1855199,27.626117],[142.1856839,27.6260128],[142.185764,27.626068],[142.1859,27.626116],[142.185941,27.626209],[142.185934,27.626238],[142.185852,27.626299],[142.185886,27.626374],[142.185881,27.626423],[142.185776,27.626499],[142.185762,27.626636],[142.185709,27.626677],[142.185631,27.626681],[142.185626,27.626738],[142.185601,27.626783],[142.185456,27.626797],[142.185431,27.626867],[142.185392,27.626899],[142.185346,27.626908],[142.185286,27.626908],[142.185204,27.626861],[142.185162,27.626902],[142.185059,27.62691],[142.184972,27.626834],[142.184928,27.626873],[142.184889,27.626877],[142.184783,27.626836],[142.184749,27.626893],[142.184701,27.626915],[142.184705,27.626995],[142.184657,27.627052],[142.184694,27.627091],[142.184703,27.627179],[142.184618,27.627234],[142.184577,27.627236],[142.184542,27.627203],[142.18446,27.627213],[142.184391,27.627126],[142.184412,27.627062],[142.184361,27.627066],[142.184303,27.627017],[142.184216,27.627052],[142.184262,27.627146],[142.184223,27.627218],[142.184272,27.627291],[142.184278,27.627344],[142.184216,27.627446],[142.184244,27.627498],[142.184246,27.627543],[142.18417,27.627629],[142.184207,27.627713],[142.184202,27.627799],[142.184115,27.627891],[142.184163,27.627942],[142.184184,27.628016],[142.184175,27.628065],[142.184078,27.62813],[142.184092,27.62823],[142.184071,27.628279],[142.183961,27.628345],[142.183982,27.628406],[142.183975,27.628468],[142.183897,27.628545],[142.183844,27.628562],[142.183844,27.628634],[142.183814,27.6287],[142.183768,27.628738],[142.18369,27.628755],[142.183704,27.628859],[142.183672,27.628912],[142.183768,27.628896],[142.183814,27.628945],[142.183807,27.628998],[142.183881,27.629021],[142.183947,27.629092],[142.183892,27.629225],[142.183908,27.629311],[142.183816,27.629397],[142.1838,27.629479],[142.183768,27.629524],[142.183626,27.629573],[142.183619,27.629675],[142.183591,27.629722],[142.183495,27.629769],[142.183495,27.629818],[142.183472,27.629853],[142.183302,27.629888],[142.183307,27.629989],[142.183224,27.630057],[142.183229,27.630159],[142.183201,27.6302],[142.18313,27.630246],[142.183141,27.630303],[142.183093,27.630383],[142.18304,27.630408],[142.182925,27.630408],[142.182896,27.630478],[142.182854,27.630515],[142.182712,27.630523],[142.182643,27.630615],[142.182604,27.63064],[142.182478,27.630648],[142.182425,27.630631],[142.182395,27.630693],[142.182356,27.630724],[142.182246,27.630734],[142.182183,27.630709],[142.182082,27.630789],[142.181984,27.630795],[142.181908,27.630763],[142.181826,27.630814],[142.181769,27.630823],[142.181707,27.630813],[142.181601,27.630763],[142.181505,27.630832],[142.181459,27.630826],[142.181381,27.630781],[142.181314,27.630824],[142.181261,27.630832],[142.181208,27.630828],[142.18113,27.630775],[142.181099,27.630789],[142.181038,27.630795],[142.18096,27.630758],[142.180908,27.630681],[142.180809,27.63064],[142.180786,27.630611],[142.18079,27.630525],[142.180724,27.630536],[142.180671,27.630518],[142.180636,27.630496],[142.180618,27.630432],[142.180572,27.630522],[142.18043,27.630571],[142.180359,27.630624],[142.180324,27.630622],[142.180276,27.63059],[142.180244,27.630518],[142.180147,27.630508],[142.180071,27.630443],[142.18003,27.630475],[142.179929,27.630489],[142.179883,27.630457],[142.179798,27.630475],[142.179704,27.630432],[142.179587,27.630407],[142.179465,27.630574],[142.179401,27.630599],[142.179398,27.63065],[142.179362,27.630693],[142.179325,27.630718],[142.179247,27.630724],[142.179252,27.630854],[142.179295,27.630885],[142.179343,27.630998],[142.179414,27.631014],[142.17947,27.631061],[142.179488,27.631109],[142.179488,27.631158],[142.179364,27.631256],[142.179166,27.63125],[142.179086,27.631201],[142.179054,27.631236],[142.179008,27.631236],[142.178949,27.631223],[142.178903,27.631176],[142.178841,27.631172],[142.178797,27.63114],[142.17879,27.631066],[142.178728,27.63098],[142.178728,27.630909],[142.178687,27.630851],[142.178705,27.630716],[142.178666,27.630679],[142.178576,27.63078],[142.178625,27.630894],[142.178597,27.630964],[142.178641,27.630972],[142.178673,27.631003],[142.178694,27.631107],[142.178735,27.631146],[142.178737,27.631211],[142.178689,27.631281],[142.178716,27.631402],[142.178684,27.631476],[142.178613,27.631507],[142.178625,27.631629],[142.17856,27.631687],[142.178572,27.631791],[142.17856,27.631828],[142.178498,27.631879],[142.178519,27.631977],[142.17851,27.632005],[142.178381,27.632074],[142.178418,27.632137],[142.17842,27.632231],[142.178377,27.632299],[142.178409,27.632303],[142.178453,27.632362],[142.178466,27.632423],[142.178432,27.632509],[142.178455,27.63254],[142.178462,27.632681],[142.178402,27.632736],[142.178347,27.632742],[142.178363,27.632818],[142.178301,27.632914],[142.178236,27.632934],[142.178257,27.63309],[142.178232,27.633135],[142.178142,27.63317],[142.178149,27.633285],[142.178113,27.633357],[142.178161,27.633379],[142.178179,27.633414],[142.17817,27.633547],[142.178202,27.633673],[142.178181,27.633724],[142.178101,27.633746],[142.178073,27.633789],[142.178016,27.633814],[142.177864,27.633793],[142.1778,27.633693],[142.177775,27.633711],[142.177715,27.633714],[142.177651,27.633761],[142.177536,27.633756],[142.177463,27.633801],[142.177327,27.633767],[142.177338,27.633862],[142.177311,27.633893],[142.177315,27.63396],[142.177244,27.634042],[142.177258,27.634103],[142.177228,27.634152],[142.177157,27.634179],[142.177095,27.634164],[142.177042,27.634189],[142.176992,27.634189],[142.176939,27.63416],[142.176884,27.63404],[142.176858,27.634025],[142.176817,27.634046],[142.176764,27.634042],[142.176711,27.63395],[142.176569,27.633932],[142.176505,27.633887],[142.176489,27.633941],[142.176459,27.633971],[142.176305,27.634032],[142.176268,27.634026],[142.176206,27.633955],[142.176172,27.633969],[142.176103,27.633945],[142.176031,27.633855],[142.176031,27.634043],[142.17596,27.634106],[142.17596,27.634168],[142.175937,27.634215],[142.17585,27.634254],[142.175836,27.634358],[142.175735,27.634424],[142.175714,27.634522],[142.175646,27.634567],[142.175579,27.634569],[142.175579,27.634622],[142.175544,27.634686],[142.175476,27.634726],[142.175398,27.634728],[142.175471,27.634794],[142.17548,27.634896],[142.175554,27.634943],[142.175572,27.634974],[142.175572,27.635009],[142.175519,27.635093],[142.175492,27.63518],[142.175404,27.635231],[142.175368,27.635283],[142.175313,27.635315],[142.175048,27.635291],[142.175044,27.635368],[142.17511,27.6354],[142.175104,27.635521],[142.175175,27.635613],[142.175191,27.63567],[142.175177,27.635719],[142.175129,27.635762],[142.175129,27.635821],[142.175104,27.635862],[142.175067,27.635887],[142.174991,27.635901],[142.174874,27.63587],[142.174819,27.635897],[142.174741,27.635899],[142.17469,27.635881],[142.174646,27.635815],[142.174513,27.635807],[142.174476,27.635778],[142.174451,27.635674],[142.17438,27.635652],[142.174346,27.635619],[142.174306,27.635504],[142.174164,27.63549],[142.174116,27.635464],[142.174072,27.635374],[142.173946,27.63535],[142.173905,27.635309],[142.173891,27.635234],[142.173797,27.635199],[142.173776,27.635103],[142.173806,27.635027],[142.173772,27.635004],[142.173769,27.634959],[142.17382,27.634821],[142.173769,27.634778],[142.173756,27.634594],[142.173687,27.634536],[142.173668,27.634493],[142.173691,27.634426],[142.173682,27.634397],[142.173654,27.634387],[142.173609,27.634316],[142.173638,27.634238],[142.173553,27.634166],[142.173542,27.634058],[142.173565,27.633999],[142.17351,27.633943],[142.173494,27.633896],[142.173512,27.63381],[142.173546,27.633766],[142.173484,27.633741],[142.173448,27.633692],[142.173441,27.6336],[142.173354,27.633579],[142.173303,27.633534],[142.173278,27.633434],[142.173149,27.633414],[142.173124,27.633391],[142.173133,27.633303],[142.173075,27.633285],[142.17302,27.633216],[142.173014,27.633154],[142.173032,27.633104],[142.173,27.633098],[142.172968,27.633063],[142.172955,27.632967],[142.17289,27.632994],[142.172805,27.632988],[142.172765,27.633031],[142.172713,27.633049],[142.172599,27.633024],[142.172567,27.633068],[142.172524,27.633086],[142.172394,27.633065],[142.172357,27.633112],[142.17232,27.63312],[142.17219,27.6331],[142.172194,27.633188],[142.172164,27.633249],[142.172062,27.633298],[142.172067,27.633356],[142.172044,27.63341],[142.171977,27.633463],[142.171975,27.633571],[142.17186,27.633682],[142.17187,27.633761],[142.17185,27.633802],[142.17175,27.633859],[142.171695,27.633962],[142.171582,27.633978],[142.171532,27.634032],[142.171484,27.634047],[142.17139,27.634049],[142.171292,27.634126],[142.171159,27.634114],[142.171127,27.634151],[142.170999,27.634204],[142.170975,27.634269],[142.170932,27.634292],[142.170772,27.634321],[142.170772,27.634395],[142.170749,27.634483],[142.170719,27.634526],[142.1706056,27.6346461],[142.1706683,27.6346652],[142.170717,27.63471],[142.1706789,27.6347584],[142.1706419,27.6347732],[142.170584,27.6347882],[142.1705349,27.6347856],[142.1704575,27.6347798],[142.1704095,27.6347746],[142.1703424,27.634697],[142.1702469,27.6346263],[142.1702966,27.6344614],[142.1703905,27.6344599],[142.1703866,27.6345882],[142.1705003,27.6344976],[142.170608,27.6344973],[142.1706415,27.6344251],[142.1705608,27.6344377],[142.1704494,27.6343971],[142.170472,27.6343062],[142.1705656,27.6341562],[142.1704828,27.6340703],[142.1703971,27.6341258],[142.1703672,27.6341668],[142.1702703,27.6342027],[142.1702341,27.6341866],[142.1701877,27.6341679],[142.1701307,27.6341732],[142.1700856,27.6341352],[142.170014,27.634092],[142.169961,27.6340292],[142.1699444,27.6339825],[142.1699579,27.6339445],[142.1699923,27.6339142],[142.1700282,27.6338643],[142.1700753,27.6338441],[142.1701152,27.6338645],[142.1701561,27.6338298],[142.1702166,27.6338073],[142.170263,27.6338292],[142.1703067,27.6338438],[142.1703381,27.6338659],[142.170418,27.6338469],[142.1704707,27.6338596],[142.1704058,27.6339133],[142.170484,27.6339416],[142.1705269,27.6339494],[142.1706371,27.6339211],[142.1707657,27.633933],[142.1708646,27.6337855],[142.1709211,27.6337038],[142.1709173,27.6336424],[142.1708733,27.6335813],[142.1709019,27.6335038],[142.170926,27.6334385],[142.1710617,27.6333643],[142.1711605,27.6332481],[142.1712607,27.6331815],[142.1713183,27.6331273],[142.1713101,27.6330577],[142.1713133,27.6330079],[142.1713364,27.6329276],[142.1713659,27.6328777],[142.1712218,27.6328351],[142.1712139,27.6327497],[142.1713277,27.6327661],[142.1714375,27.6327581],[142.171521,27.6327185],[142.1715198,27.6326666],[142.1715611,27.6326014],[142.1714728,27.6325756],[142.1714738,27.6325239],[142.1714055,27.6325105],[142.1712964,27.6325248],[142.1711207,27.6325868],[142.1711333,27.632531],[142.1711938,27.6325168],[142.1711802,27.6324686],[142.1712378,27.6324103],[142.1713522,27.6324067],[142.1715084,27.6323392],[142.1714201,27.6322435],[142.1714587,27.6321817],[142.1715099,27.6321388],[142.1715888,27.6320732],[142.1716247,27.6319881],[142.1715829,27.6319114],[142.1715639,27.6318731],[142.1715979,27.6318117],[142.1715971,27.6317502],[142.1716681,27.6317541],[142.1716972,27.6317179],[142.1716993,27.6316701],[142.1717419,27.6316091],[142.1717836,27.6315436],[142.1718776,27.6314513],[142.1717918,27.6313983],[142.171607,27.631409],[142.1716755,27.6313552],[142.1717829,27.6312941],[142.1719195,27.631258],[142.1718514,27.6311288],[142.1717044,27.6310506],[142.1715617,27.6309928],[142.1715605,27.6309265],[142.1716719,27.6308919],[142.1717052,27.6307351],[142.1715387,27.6307997],[142.1714995,27.6310129],[142.171368,27.6309739],[142.1713988,27.6308581],[142.1714476,27.6307682],[142.1715655,27.6306941],[142.1716742,27.6306729],[142.1717334,27.6307011],[142.1718023,27.6305742],[142.1718791,27.6305183],[142.1719321,27.6304671],[142.171964,27.630384],[142.1720191,27.6304517],[142.1719331,27.6305792],[142.1721224,27.6304974],[142.1720777,27.6304155],[142.1721272,27.6303528],[142.1722217,27.6303951],[142.1723002,27.6303682],[142.1723499,27.6302302],[142.172384,27.6301729],[142.1724302,27.6300888],[142.1724284,27.6300476],[142.172372,27.6300422],[142.1723672,27.6299999],[142.1724277,27.629931],[142.1724695,27.6299874],[142.172477,27.63006],[142.1725259,27.6300804],[142.1726209,27.6298905],[142.1726989,27.6296888],[142.1726962,27.6298978],[142.1728354,27.6296908],[142.1727721,27.6295306],[142.1728941,27.6294865],[142.1730146,27.6294631],[142.1730701,27.6293899],[142.1731174,27.6291902],[142.1730688,27.6290657],[142.1729427,27.6289823],[142.1728057,27.6290809],[142.1727697,27.629062],[142.1727416,27.6289789],[142.1726787,27.6289243],[142.1726117,27.6288441],[142.1725481,27.6288575],[142.1724021,27.628983],[142.1723387,27.6292005],[142.1722827,27.6292304],[142.1724131,27.6293286],[142.1723332,27.6293506],[142.1722466,27.6292127],[142.1722817,27.6291741],[142.1723155,27.6290098],[142.1725092,27.6288248],[142.1724834,27.6287787],[142.1724541,27.6287212],[142.1724209,27.6286864],[142.1723795,27.6286371],[142.172399,27.6285337],[142.1723812,27.6284947],[142.1723609,27.6284615],[142.172306,27.6284955],[142.1722687,27.6284537],[142.1722608,27.6284273],[142.1723252,27.6284223],[142.1724063,27.6284268],[142.1723798,27.6283509],[142.1723832,27.6282995],[142.1724012,27.6282187],[142.1724332,27.6281805],[142.1725005,27.6282344],[142.1726422,27.6281898],[142.1726312,27.6281262],[142.1727079,27.6281182],[142.1727676,27.6280796],[142.1727879,27.6279941],[142.172762,27.6279057],[142.1727513,27.6278552],[142.1728339,27.6277809],[142.1729456,27.6278001],[142.1730132,27.6277793],[142.1730369,27.627725],[142.172892,27.6276794],[142.1728644,27.627571],[142.1727643,27.6275198],[142.1726962,27.6274795],[142.1726442,27.6274171],[142.1726156,27.6273041],[142.1726659,27.6271723],[142.1727726,27.6271158],[142.1729036,27.627076],[142.1729197,27.6269809],[142.1729025,27.6269392],[142.1729894,27.626923],[142.1729871,27.6268888],[142.1729247,27.6268545],[142.1728675,27.6268316],[142.1728361,27.6267573],[142.1728683,27.6266987],[142.1730068,27.6267094]]],[[[142.1720652,27.626715],[142.1720087,27.6267617],[142.17192,27.6267937],[142.1718271,27.6267986],[142.1718938,27.6268499],[142.1718439,27.6268847],[142.1717729,27.6268556],[142.1717886,27.6268139],[142.1717775,27.6267504],[142.1717277,27.6267292],[142.1717979,27.6266443],[142.1719004,27.6266074],[142.1718654,27.6265603],[142.1719379,27.6265506],[142.1719597,27.6265096],[142.172013,27.6264846],[142.172008,27.6263911],[142.172065,27.626393],[142.1721781,27.6262773],[142.1722146,27.6261933],[142.1722085,27.6261326],[142.1721759,27.6260724],[142.1721621,27.626019],[142.1722047,27.6259553],[142.1721632,27.6258443],[142.172245,27.6257372],[142.1723267,27.6258209],[142.1722895,27.6257152],[142.1723727,27.6256039],[142.1724292,27.6257089],[142.1724759,27.6257159],[142.172446,27.6257946],[142.1723698,27.6258588],[142.1723383,27.6259098],[142.172356,27.6259954],[142.1722915,27.6260588],[142.172261,27.6261239],[142.1723038,27.6261549],[142.1721823,27.6263158],[142.1720524,27.626432],[142.1720479,27.6265383],[142.1720331,27.6265849],[142.1720716,27.626642],[142.1720652,27.626715]]],[[[142.1721908,27.6266914],[142.1722298,27.6266288],[142.1722854,27.6266391],[142.1723174,27.6266123],[142.1723823,27.6265777],[142.1724119,27.626613],[142.1724462,27.6265717],[142.17249,27.6266023],[142.1725457,27.6266242],[142.1725819,27.6266466],[142.172607,27.6266956],[142.1726345,27.6267357],[142.1726757,27.6268002],[142.1726757,27.6268704],[142.1726313,27.6269265],[142.1725933,27.6269658],[142.1725394,27.6270051],[142.1724856,27.6270472],[142.172412,27.627212],[142.1723515,27.6272099],[142.1723157,27.6271996],[142.1722809,27.6271588],[142.1722689,27.6270761],[142.1722806,27.627026],[142.1722476,27.6270104],[142.1722299,27.6269764],[142.1722156,27.6269409],[142.1722251,27.6268711],[142.1722168,27.6268],[142.1722059,27.6267568],[142.1721908,27.6266914]]],[[[142.207267,27.485405],[142.20727,27.485322],[142.207165,27.485282],[142.207087,27.485195],[142.206999,27.485207],[142.206939,27.485185],[142.206873,27.485134],[142.206857,27.485077],[142.206806,27.485072],[142.206731,27.485032],[142.206696,27.484984],[142.206696,27.484939],[142.206573,27.484857],[142.206548,27.4848],[142.206557,27.484722],[142.206523,27.484665],[142.206526,27.484587],[142.206557,27.484539],[142.206643,27.484495],[142.206661,27.484447],[142.206702,27.484409],[142.206756,27.484385],[142.206857,27.484412],[142.20692,27.484375],[142.207008,27.484369],[142.207131,27.484432],[142.207182,27.484422],[142.207258,27.484442],[142.207343,27.484525],[142.207419,27.48451],[142.207431,27.48444],[142.20751,27.484385],[142.207589,27.484385],[142.20769,27.484335],[142.207766,27.484347],[142.207791,27.484364],[142.207816,27.484454],[142.20786,27.484522],[142.207826,27.484635],[142.207848,27.484734],[142.207838,27.48478],[142.207803,27.484812],[142.207816,27.484917],[142.207797,27.484959],[142.207728,27.485027],[142.207745,27.485064],[142.207806,27.48511],[142.207816,27.485237],[142.207873,27.485264],[142.207879,27.485365],[142.207923,27.485405],[142.207933,27.485444],[142.207917,27.485529],[142.207857,27.485565],[142.207866,27.485614],[142.207844,27.485667],[142.207806,27.4857],[142.207684,27.485707],[142.207636,27.485755],[142.207548,27.485762],[142.207501,27.485695],[142.207428,27.485684],[142.20739,27.485659],[142.207374,27.485614],[142.207378,27.485535],[142.207286,27.48547],[142.207267,27.485405]]],[[[142.208011,27.489508],[142.207933,27.48953],[142.207886,27.489578],[142.207831,27.489621],[142.20774,27.489623],[142.207702,27.489601],[142.207696,27.489559],[142.207715,27.489511],[142.207746,27.489482],[142.207775,27.489401],[142.207809,27.489372],[142.207914,27.489395],[142.207973,27.489355],[142.208074,27.489341],[142.208128,27.489372],[142.208138,27.489415],[142.208103,27.489451],[142.208011,27.489508]]],[[[142.208425,27.48836],[142.208371,27.488396],[142.20827,27.488401],[142.208188,27.488492],[142.208144,27.488506],[142.208074,27.488498],[142.208002,27.488568],[142.207863,27.488608],[142.207775,27.48872],[142.207791,27.488788],[142.207781,27.488828],[142.207696,27.488901],[142.207677,27.489008],[142.207541,27.489082],[142.207529,27.489183],[142.207478,27.489228],[142.207403,27.489257],[142.207396,27.489302],[142.207333,27.489364],[142.207201,27.489384],[142.207099,27.489457],[142.206974,27.48946],[142.206952,27.489505],[142.206889,27.489542],[142.206813,27.489547],[142.20675,27.489491],[142.206611,27.489485],[142.20656,27.489409],[142.206459,27.489369],[142.206415,27.489279],[142.206349,27.489248],[142.206314,27.489135],[142.206176,27.489079],[142.206131,27.489014],[142.206018,27.489028],[142.205907,27.488966],[142.20586,27.488983],[142.205769,27.488969],[142.205709,27.488926],[142.205595,27.488938],[142.205475,27.488864],[142.205409,27.488893],[142.205333,27.488893],[142.205283,27.488881],[142.205235,27.488836],[142.20509,27.488831],[142.205053,27.488805],[142.205005,27.488636],[142.204942,27.488579],[142.204936,27.488489],[142.204869,27.488455],[142.204816,27.48839],[142.204822,27.488286],[142.204772,27.488238],[142.204759,27.48819],[142.204784,27.488103],[142.204765,27.487978],[142.204788,27.487922],[142.204835,27.487879],[142.204914,27.487874],[142.204933,27.487828],[142.205021,27.487834],[142.205078,27.487888],[142.205166,27.48784],[142.205267,27.487851],[142.205318,27.487795],[142.205431,27.487772],[142.205519,27.487829],[142.205579,27.487806],[142.205646,27.487806],[142.205756,27.487879],[142.205797,27.487846],[142.205879,27.487823],[142.205961,27.487831],[142.206027,27.487761],[142.206141,27.487755],[142.206202,27.487775],[142.206256,27.487752],[142.206311,27.487755],[142.206453,27.487831],[142.206554,27.487806],[142.206627,27.487834],[142.206699,27.487899],[142.206775,27.487885],[142.206892,27.487922],[142.206945,27.487874],[142.207075,27.487865],[142.207106,27.487818],[142.207182,27.487778],[142.207245,27.487775],[142.207299,27.487708],[142.207368,27.487671],[142.207456,27.487657],[142.207497,27.487583],[142.207633,27.487533],[142.207633,27.487451],[142.207687,27.487361],[142.20757,27.487231],[142.207507,27.487248],[142.207431,27.487242],[142.207381,27.487222],[142.207352,27.487188],[142.207273,27.487225],[142.207213,27.487205],[142.207134,27.487135],[142.207021,27.487143],[142.206948,27.487118],[142.206917,27.487081],[142.206844,27.487093],[142.206791,27.487073],[142.206718,27.487013],[142.206709,27.486979],[142.206604,27.486977],[142.206545,27.486954],[142.20651,27.486916],[142.206494,27.486898],[142.206381,27.486878],[142.206339,27.486903],[142.206242,27.486903],[142.206213,27.486878],[142.206194,27.486813],[142.206236,27.486754],[142.206299,27.486734],[142.206343,27.486669],[142.206403,27.486641],[142.206481,27.486655],[142.206519,27.48661],[142.206579,27.486587],[142.206721,27.486593],[142.206788,27.486548],[142.206901,27.486573],[142.206939,27.486548],[142.207053,27.486542],[142.207166,27.486584],[142.207191,27.486562],[142.207264,27.486553],[142.207403,27.486633],[142.207478,27.486599],[142.207529,27.486604],[142.207579,27.486638],[142.207703,27.48661],[142.207803,27.486663],[142.207879,27.48662],[142.207926,27.486624],[142.208015,27.486672],[142.208182,27.486678],[142.208207,27.486705],[142.208194,27.486785],[142.208226,27.48682],[142.208232,27.486878],[142.208182,27.486957],[142.208223,27.487059],[142.208175,27.48716],[142.208198,27.487177],[142.208216,27.487256],[142.208333,27.487281],[142.20839,27.487332],[142.208481,27.487318],[142.208554,27.487352],[142.208642,27.487338],[142.208705,27.487361],[142.208765,27.487462],[142.208803,27.487476],[142.208841,27.487544],[142.208841,27.487612],[142.208863,27.487668],[142.20886,27.487724],[142.208822,27.487815],[142.208832,27.487914],[142.208822,27.487948],[142.208772,27.487996],[142.208772,27.488074],[142.208731,27.488164],[142.208652,27.488204],[142.208614,27.488269],[142.208541,27.488323],[142.208463,27.488328],[142.208425,27.48836]]],[[[142.216948,27.493743],[142.216926,27.4938],[142.216894,27.493828],[142.21691,27.493907],[142.216888,27.493958],[142.216845,27.493993],[142.216762,27.494003],[142.216721,27.494048],[142.216654,27.494071],[142.216604,27.494051],[142.216554,27.493997],[142.216519,27.493994],[142.216494,27.493887],[142.216437,27.493856],[142.216409,27.493805],[142.216409,27.49376],[142.21645,27.493704],[142.21644,27.493619],[142.216456,27.493574],[142.216526,27.493534],[142.216598,27.49345],[142.216686,27.493444],[142.216749,27.493492],[142.21679,27.493478],[142.216841,27.493489],[142.216901,27.493557],[142.216904,27.49363],[142.216945,27.493693],[142.216948,27.493743]]],[[[142.219566,27.493258],[142.219556,27.493313],[142.219518,27.493355],[142.219443,27.493408],[142.219434,27.493458],[142.219383,27.493526],[142.219254,27.493605],[142.219216,27.493596],[142.219175,27.493551],[142.219159,27.493464],[142.219115,27.493424],[142.219106,27.493376],[142.219144,27.493286],[142.219137,27.493208],[142.219156,27.493165],[142.219232,27.493117],[142.219332,27.493122],[142.219472,27.493063],[142.21951,27.493069],[142.219556,27.493145],[142.219548,27.493202],[142.219566,27.493258]]],[[[142.219008,27.493823],[142.219046,27.493884],[142.219046,27.493938],[142.219005,27.493997],[142.219046,27.494088],[142.219046,27.494155],[142.219014,27.494201],[142.218888,27.494257],[142.218813,27.494271],[142.218838,27.494319],[142.218834,27.494443],[142.218942,27.49455],[142.218948,27.494601],[142.218932,27.494646],[142.219018,27.494756],[142.219018,27.494835],[142.219081,27.49492],[142.219081,27.495033],[142.219144,27.495123],[142.219141,27.495242],[142.219194,27.495314],[142.219204,27.495382],[142.219153,27.495467],[142.219144,27.495568],[142.219074,27.495636],[142.219011,27.49565],[142.218951,27.495743],[142.218778,27.495768],[142.218727,27.495847],[142.218611,27.495904],[142.218582,27.495975],[142.218538,27.496017],[142.218462,27.496042],[142.218248,27.496028],[142.21821,27.496],[142.218172,27.495887],[142.21809,27.495805],[142.218077,27.495746],[142.21809,27.495667],[142.218131,27.495613],[142.21809,27.495545],[142.218084,27.495486],[142.218121,27.495407],[142.218207,27.495317],[142.218181,27.495159],[142.218207,27.495066],[142.218081,27.494993],[142.218058,27.494948],[142.218058,27.494869],[142.218002,27.494807],[142.217961,27.494711],[142.217986,27.494598],[142.217958,27.49448],[142.21797,27.494401],[142.218008,27.494339],[142.217989,27.494299],[142.217989,27.49422],[142.218033,27.494141],[142.217989,27.494062],[142.217986,27.493989],[142.218005,27.493949],[142.218068,27.49391],[142.218093,27.493836],[142.218049,27.493786],[142.218036,27.493707],[142.218046,27.49365],[142.218027,27.493605],[142.218033,27.493532],[142.218077,27.493464],[142.218121,27.493433],[142.218103,27.493382],[142.218109,27.493331],[142.218153,27.493264],[142.218084,27.493173],[142.218081,27.4931],[142.218118,27.49301],[142.218121,27.492942],[142.218141,27.492897],[142.218226,27.492832],[142.21827,27.492697],[142.218342,27.492646],[142.218349,27.492573],[142.218418,27.492527],[142.218513,27.492513],[142.218563,27.492465],[142.218604,27.492454],[142.218693,27.492471],[142.218831,27.492454],[142.218891,27.492496],[142.21897,27.492493],[142.219033,27.492513],[142.219096,27.492575],[142.219147,27.492586],[142.219175,27.492618],[142.219169,27.492744],[142.219201,27.492812],[142.21915,27.492914],[142.219156,27.492993],[142.219131,27.493061],[142.219087,27.4931],[142.219081,27.493188],[142.219011,27.493264],[142.219011,27.493343],[142.218973,27.493399],[142.218882,27.49343],[142.218853,27.493501],[142.21874,27.493588],[142.218813,27.493678],[142.218825,27.493743],[142.218913,27.493741],[142.218955,27.493791],[142.219008,27.493823]]],[[[142.213221,27.496134],[142.213163,27.496105],[142.21303,27.496153],[142.212942,27.496133],[142.212853,27.496215],[142.212816,27.496225],[142.212702,27.496211],[142.212674,27.496243],[142.21261,27.496269],[142.212472,27.49622],[142.212358,27.496251],[142.212304,27.496224],[142.21227,27.496178],[142.212193,27.496193],[142.21211,27.49618],[142.21207,27.496266],[142.212066,27.496365],[142.212083,27.496533],[142.212127,27.496682],[142.212198,27.496831],[142.212218,27.496962],[142.21221,27.497233],[142.212279,27.497318],[142.212264,27.497373],[142.212184,27.497454],[142.212207,27.497488],[142.212196,27.497581],[142.212147,27.497648],[142.212238,27.497736],[142.212241,27.497826],[142.212368,27.497883],[142.212431,27.497984],[142.212509,27.497976],[142.212569,27.497993],[142.212648,27.498074],[142.21274,27.498058],[142.2128,27.498083],[142.212844,27.498176],[142.212885,27.498184],[142.212929,27.498221],[142.212958,27.498357],[142.213002,27.498402],[142.213043,27.498557],[142.213106,27.498608],[142.213118,27.498707],[142.213068,27.498774],[142.213062,27.498853],[142.212995,27.498921],[142.212942,27.498946],[142.212923,27.499071],[142.212847,27.499172],[142.212888,27.49924],[142.212935,27.499274],[142.212958,27.499358],[142.212942,27.499443],[142.212904,27.499477],[142.212891,27.499587],[142.212841,27.499615],[142.212778,27.499621],[142.212689,27.499564],[142.212614,27.499584],[142.212538,27.499556],[142.212412,27.499438],[142.212308,27.499486],[142.212235,27.499486],[142.212159,27.499452],[142.212043,27.499488],[142.211945,27.499474],[142.211831,27.499556],[142.211859,27.499644],[142.211845,27.499753],[142.211825,27.499786],[142.211926,27.499804],[142.211942,27.499838],[142.211935,27.499896],[142.212061,27.499914],[142.212099,27.499959],[142.212251,27.499931],[142.212301,27.499948],[142.21233,27.499986],[142.212494,27.499968],[142.212579,27.500016],[142.212595,27.500073],[142.212645,27.500112],[142.212661,27.500166],[142.212636,27.500244],[142.212569,27.500264],[142.212544,27.500321],[142.212484,27.500363],[142.212358,27.500332],[142.212261,27.500349],[142.212146,27.500331],[142.21209,27.500378],[142.212178,27.500406],[142.2122,27.500443],[142.212301,27.500422],[142.212352,27.500439],[142.212389,27.500484],[142.212453,27.500479],[142.212541,27.500518],[142.212579,27.500597],[142.212651,27.500648],[142.21267,27.500704],[142.212664,27.500786],[142.212711,27.500828],[142.212733,27.500886],[142.212733,27.500967],[142.212696,27.501018],[142.212705,27.501088],[142.212686,27.501142],[142.212601,27.501184],[142.2125,27.501161],[142.212409,27.501173],[142.21232,27.501103],[142.212231,27.501106],[142.212146,27.501068],[142.212115,27.501159],[142.212051,27.501216],[142.212076,27.501283],[142.21207,27.501351],[142.212039,27.501396],[142.211988,27.501424],[142.211978,27.501523],[142.211938,27.501573],[142.211862,27.501619],[142.211875,27.501778],[142.211843,27.501823],[142.211815,27.501839],[142.211726,27.501844],[142.211653,27.501929],[142.211537,27.501978],[142.211562,27.502084],[142.211556,27.502129],[142.211477,27.502169],[142.211407,27.502243],[142.211308,27.502273],[142.211281,27.502273],[142.211218,27.502231],[142.211142,27.502246],[142.211057,27.502186],[142.210966,27.502181],[142.210903,27.502138],[142.210881,27.502091],[142.2109,27.502011],[142.210843,27.501969],[142.210815,27.501916],[142.210802,27.501836],[142.21071,27.501758],[142.210698,27.501713],[142.210717,27.501613],[142.210628,27.501541],[142.210593,27.501461],[142.210597,27.501388],[142.210521,27.501346],[142.21049,27.501306],[142.21048,27.501143],[142.210401,27.501078],[142.210379,27.501023],[142.210385,27.500931],[142.210257,27.500886],[142.2102,27.500836],[142.210212,27.500783],[142.21019,27.500756],[142.210127,27.500738],[142.21008,27.500696],[142.210038,27.500546],[142.209991,27.500533],[142.209925,27.500443],[142.209915,27.500329],[142.20984,27.500284],[142.209821,27.500231],[142.209827,27.500103],[142.209755,27.500086],[142.209717,27.500021],[142.20961,27.499999],[142.209562,27.499956],[142.209553,27.499898],[142.20937,27.499863],[142.20931,27.499773],[142.209184,27.499773],[142.209098,27.499746],[142.209038,27.499691],[142.208925,27.499719],[142.208859,27.499714],[142.208811,27.499688],[142.208755,27.499621],[142.208603,27.499613],[142.208527,27.499561],[142.208363,27.499588],[142.208278,27.499551],[142.208139,27.499661],[142.208086,27.499678],[142.20809,27.499793],[142.20806,27.499849],[142.208026,27.499873],[142.20806,27.499951],[142.208063,27.500038],[142.208016,27.500093],[142.208045,27.500129],[142.208055,27.500228],[142.208026,27.500309],[142.207991,27.500333],[142.207997,27.500433],[142.207969,27.500491],[142.207906,27.500516],[142.20784,27.500501],[142.207761,27.500553],[142.207521,27.500498],[142.207442,27.500538],[142.207395,27.500538],[142.207332,27.500518],[142.207231,27.500443],[142.20714,27.500488],[142.207026,27.500464],[142.206953,27.500378],[142.206934,27.500284],[142.206837,27.500244],[142.206799,27.500203],[142.206773,27.500134],[142.206783,27.500033],[142.206742,27.500008],[142.20673,27.499921],[142.206742,27.499808],[142.206628,27.499731],[142.20656,27.499811],[142.206471,27.499858],[142.206468,27.499973],[142.206398,27.500086],[142.206446,27.500188],[142.206442,27.500256],[142.206329,27.500336],[142.206313,27.500391],[142.206256,27.500443],[142.206155,27.500468],[142.206042,27.500419],[142.205903,27.500456],[142.205752,27.500411],[142.20565,27.500463],[142.205575,27.500459],[142.205449,27.500423],[142.205398,27.500448],[142.205319,27.500448],[142.205259,27.500426],[142.205204,27.500369],[142.20518,27.500329],[142.205054,27.500288],[142.205032,27.500126],[142.204969,27.500098],[142.204938,27.500064],[142.204926,27.499996],[142.204958,27.499876],[142.204904,27.499786],[142.204913,27.499683],[142.204756,27.499688],[142.204693,27.499666],[142.204642,27.499623],[142.204509,27.499609],[142.204409,27.499556],[142.204377,27.499516],[142.204263,27.499491],[142.204184,27.499403],[142.204153,27.499313],[142.204081,27.499286],[142.204046,27.499238],[142.204049,27.499128],[142.204036,27.499093],[142.203958,27.499028],[142.203961,27.498941],[142.203923,27.498913],[142.203901,27.498856],[142.203913,27.498754],[142.20386,27.498668],[142.20391,27.498576],[142.203885,27.498506],[142.203894,27.498473],[142.203945,27.498413],[142.204013,27.498398],[142.204097,27.498336],[142.204165,27.498331],[142.204239,27.498358],[142.204383,27.498354],[142.204513,27.498396],[142.204563,27.498371],[142.204617,27.498376],[142.204683,27.498431],[142.204724,27.498411],[142.204784,27.498416],[142.204863,27.498509],[142.204935,27.498521],[142.205039,27.498583],[142.205125,27.498541],[142.205191,27.498534],[142.205276,27.498574],[142.205355,27.498526],[142.205418,27.498523],[142.205516,27.498568],[142.205619,27.498512],[142.205758,27.498537],[142.20578,27.498481],[142.205859,27.498422],[142.205827,27.498376],[142.205835,27.498313],[142.205884,27.498281],[142.205827,27.498182],[142.205871,27.498106],[142.205821,27.498014],[142.205846,27.497964],[142.205759,27.497948],[142.205737,27.497919],[142.205604,27.49795],[142.205529,27.497894],[142.205421,27.497916],[142.205358,27.497905],[142.205298,27.497866],[142.205232,27.497885],[142.205159,27.497877],[142.205064,27.497815],[142.204986,27.49782],[142.204932,27.497727],[142.204838,27.497699],[142.204809,27.497631],[142.204724,27.497609],[142.204677,27.497569],[142.204639,27.497479],[142.204601,27.497473],[142.204544,27.497425],[142.204525,27.497332],[142.204475,27.497262],[142.204494,27.497194],[142.204456,27.497135],[142.204456,27.497101],[142.204488,27.497056],[142.204535,27.497036],[142.204576,27.496971],[142.204674,27.496932],[142.204689,27.496878],[142.204737,27.496838],[142.204809,27.496813],[142.20485,27.496757],[142.204901,27.49674],[142.204964,27.496771],[142.205014,27.496743],[142.205081,27.49674],[142.205112,27.496669],[142.2052,27.496638],[142.205238,27.496539],[142.205336,27.4965],[142.20539,27.496398],[142.205557,27.496373],[142.205595,27.496316],[142.205658,27.496285],[142.205708,27.49628],[142.205774,27.496302],[142.205819,27.496251],[142.205898,27.496223],[142.205986,27.49624],[142.20603,27.496206],[142.206093,27.496192],[142.20627,27.496277],[142.206361,27.496376],[142.206415,27.496376],[142.206485,27.49645],[142.206505,27.49648],[142.206607,27.496446],[142.206682,27.496463],[142.206723,27.496381],[142.206733,27.496294],[142.206783,27.496254],[142.206796,27.496184],[142.20684,27.49613],[142.206837,27.496096],[142.206872,27.496037],[142.206935,27.496001],[142.20697,27.495899],[142.207095,27.495862],[142.207127,27.495809],[142.207177,27.495775],[142.2072235,27.4957151],[142.2073338,27.4956229],[142.2075069,27.4955213],[142.2077273,27.49569],[142.2077708,27.4957287],[142.2079523,27.4957333],[142.2080788,27.4956956],[142.2082308,27.4956581],[142.2082933,27.495768],[142.208374,27.4957441],[142.208342,27.495625],[142.20843,27.495574],[142.208525,27.495445],[142.208595,27.495414],[142.208783,27.495421],[142.208871,27.49534],[142.208988,27.495295],[142.208975,27.495195],[142.208997,27.495174],[142.208988,27.495091],[142.209055,27.495053],[142.20912,27.495103],[142.20924,27.495116],[142.209297,27.495195],[142.209411,27.495179],[142.209461,27.495188],[142.209525,27.495255],[142.2096,27.495244],[142.209641,27.495255],[142.20978,27.495343],[142.20986,27.495419],[142.210061,27.495396],[142.210111,27.495428],[142.21025,27.495388],[142.21032,27.495399],[142.210366,27.495439],[142.210563,27.495354],[142.21108,27.495072],[142.211329,27.494882],[142.211471,27.494738],[142.211616,27.494494],[142.211804,27.494082],[142.211976,27.493626],[142.211986,27.493487],[142.211963,27.493338],[142.211863,27.492939],[142.211715,27.492959],[142.21166,27.492905],[142.211531,27.492902],[142.211471,27.49288],[142.211443,27.492846],[142.21143,27.492787],[142.211285,27.492711],[142.21126,27.492654],[142.211253,27.492575],[142.211177,27.49251],[142.211146,27.492445],[142.211171,27.492332],[142.211121,27.492239],[142.211115,27.492171],[142.21114,27.492115],[142.211108,27.492039],[142.211108,27.491979],[142.211193,27.491889],[142.211185,27.491762],[142.211206,27.49172],[142.211308,27.491648],[142.211716,27.490726],[142.21182,27.490414],[142.211767,27.490349],[142.211777,27.49027],[142.211707,27.490213],[142.211688,27.490157],[142.211705,27.490078],[142.211742,27.490061],[142.211765,27.490024],[142.211875,27.490002],[142.211995,27.490061],[142.2121,27.490021],[142.212133,27.490038],[142.21215,27.489968],[142.212203,27.489914],[142.212256,27.489889],[142.212256,27.489787],[142.21232,27.489742],[142.212358,27.489742],[142.212418,27.48979],[142.212531,27.489742],[142.21257,27.489742],[142.212695,27.489824],[142.212796,27.489793],[142.212873,27.489793],[142.212941,27.489818],[142.21304,27.489753],[142.213074,27.489748],[142.21309,27.489674],[142.213153,27.489601],[142.21316,27.489505],[142.213185,27.489454],[142.213235,27.48942],[142.213298,27.489409],[142.213403,27.489336],[142.213507,27.489353],[142.213567,27.489406],[142.213671,27.489398],[142.213718,27.489426],[142.213784,27.489505],[142.213923,27.489474],[142.213986,27.489485],[142.214062,27.489544],[142.214156,27.489465],[142.214245,27.489426],[142.214358,27.489432],[142.214428,27.489353],[142.214491,27.48933],[142.21462,27.48933],[142.21468,27.489356],[142.214746,27.489341],[142.21486,27.489375],[142.21492,27.489421],[142.214948,27.489469],[142.215043,27.489519],[142.215103,27.489635],[142.215062,27.4897],[142.215059,27.48979],[142.215033,27.489858],[142.214913,27.489939],[142.214907,27.489962],[142.214945,27.490053],[142.214939,27.49012],[142.214907,27.490177],[142.214853,27.49021],[142.214901,27.490332],[142.21485,27.490433],[142.214876,27.490498],[142.214882,27.490611],[142.21485,27.490645],[142.214778,27.490673],[142.214794,27.490741],[142.214774,27.490798],[142.214686,27.490859],[142.214734,27.490922],[142.21474,27.490978],[142.214721,27.49104],[142.2148,27.491096],[142.214834,27.491142],[142.214866,27.491241],[142.215055,27.491218],[142.215182,27.491266],[142.215333,27.491209],[142.215409,27.491204],[142.215573,27.491258],[142.215648,27.491212],[142.215749,27.491198],[142.215838,27.491229],[142.215964,27.491184],[142.216055,27.491184],[142.216141,27.491221],[142.216185,27.491269],[142.216257,27.491303],[142.21627,27.491359],[142.216235,27.491438],[142.21615,27.491489],[142.216141,27.491539],[142.216106,27.491585],[142.215958,27.491655],[142.21592,27.491726],[142.215869,27.491757],[142.215794,27.491774],[142.215781,27.491841],[142.215746,27.49187],[142.215671,27.491901],[142.215582,27.491904],[142.215554,27.491997],[142.215522,27.492028],[142.215472,27.492045],[142.215399,27.492036],[142.215324,27.49211],[142.215172,27.49211],[142.215099,27.492186],[142.215014,27.492208],[142.214926,27.492194],[142.214879,27.492237],[142.214775,27.49226],[142.214689,27.492245],[142.21462,27.492318],[142.214569,27.492341],[142.214491,27.492338],[142.214444,27.492446],[142.214409,27.492462],[142.214478,27.49253],[142.214469,27.492609],[142.214522,27.492685],[142.214516,27.492741],[142.214494,27.49277],[142.214535,27.492843],[142.214525,27.492888],[142.214453,27.492948],[142.214446,27.493024],[142.214406,27.493083],[142.214343,27.493117],[142.214323,27.493184],[142.214286,27.493207],[142.214172,27.493224],[142.214141,27.4933],[142.214078,27.493337],[142.213948,27.493357],[142.213916,27.493422],[142.213863,27.493458],[142.213737,27.493498],[142.213724,27.493571],[142.213686,27.493602],[142.213566,27.493625],[142.213459,27.493721],[142.21332,27.493735],[142.213304,27.493853],[142.21327,27.493895],[142.213207,27.493906],[142.213184,27.493926],[142.213166,27.493993],[142.213114,27.494043],[142.213068,27.494055],[142.213128,27.494106],[142.21315,27.4942],[142.213216,27.494211],[142.213279,27.494253],[142.213292,27.494329],[142.213342,27.494346],[142.213415,27.494405],[142.213424,27.494498],[142.213513,27.494521],[142.213576,27.494572],[142.213708,27.494547],[142.213803,27.494589],[142.213898,27.494566],[142.213948,27.494583],[142.213976,27.494628],[142.214065,27.494626],[142.214216,27.494806],[142.2142,27.494874],[142.214244,27.494964],[142.214244,27.495001],[142.214213,27.495052],[142.214144,27.495074],[142.214106,27.495142],[142.214062,27.49517],[142.213935,27.495162],[142.213888,27.495201],[142.213781,27.495238],[142.21373,27.495226],[142.213677,27.495176],[142.21354,27.495193],[142.213506,27.495121],[142.213466,27.495202],[142.213462,27.495324],[142.21354,27.49555],[142.213557,27.495659],[142.213422,27.495966],[142.213449,27.496198],[142.213324,27.496198],[142.213221,27.496134]]],[[[142.2304378,26.5790146],[142.2304328,26.5791186],[142.2305148,26.5791616],[142.2305698,26.5791886],[142.2306418,26.5792696],[142.2307368,26.5792456],[142.2308378,26.5793236],[142.2308478,26.5793946],[142.2308978,26.5794536],[142.2309828,26.5796316],[142.2309818,26.5796886],[142.2309628,26.5797136],[142.2308728,26.5797706],[142.2308748,26.5798786],[142.2306698,26.5799766],[142.2305868,26.5799486],[142.2305568,26.5799136],[142.2305428,26.5798336],[142.2303928,26.5797736],[142.2303398,26.5797066],[142.2301468,26.5797186],[142.2300898,26.5796516],[142.2300878,26.5796236],[142.2301628,26.5795456],[142.2301298,26.5794926],[142.2301198,26.5794026],[142.2301798,26.5793336],[142.2301678,26.5792336],[142.2302098,26.5791816],[142.2301998,26.5790516],[142.2302198,26.5790066],[142.2302978,26.5789686],[142.2304078,26.5789666],[142.2304378,26.5790146]]],[[[142.2322928,26.5770658],[142.2323028,26.5771478],[142.2323049,26.5772568],[142.2322108,26.5772728],[142.2321868,26.5773798],[142.2321228,26.5774368],[142.2319878,26.5774628],[142.2319078,26.5775398],[142.2318578,26.5775538],[142.2316428,26.5774978],[142.2315668,26.5774128],[142.2315668,26.5773588],[142.2316328,26.5772818],[142.2315928,26.5771928],[142.2316278,26.5770448],[142.2315828,26.5769368],[142.2315828,26.5768878],[142.2316468,26.5768318],[142.2316118,26.5767728],[142.2316198,26.5767068],[142.2316568,26.5766478],[142.2316817,26.5765746],[142.2317854,26.5765848],[142.231924,26.5766694],[142.2320328,26.5767678],[142.2321078,26.5767728],[142.2321558,26.5768008],[142.2321918,26.5768428],[142.2322068,26.5769018],[142.2321818,26.5769888],[142.2322928,26.5770658]]],[[[142.2303986,26.5767703],[142.2304193,26.5766743],[142.2304626,26.5766044],[142.2304548,26.5765329],[142.2304311,26.5764737],[142.2304164,26.5763978],[142.2304333,26.576317],[142.2304797,26.576253],[142.2305472,26.5762243],[142.2305285,26.5761642],[142.2305449,26.5761181],[142.2306528,26.5760252],[142.2307469,26.5760137],[142.2307598,26.5759335],[142.2308138,26.5758714],[142.230941,26.5758364],[142.2309862,26.5758447],[142.2310113,26.575791],[142.2310779,26.5757523],[142.2311327,26.5757469],[142.231198,26.5757591],[142.2313505,26.5757689],[142.2313778,26.5758753],[142.2314809,26.5760826],[142.2314619,26.5761464],[142.231413,26.5761989],[142.2314378,26.5763415],[142.2314723,26.576426],[142.2314755,26.5765615],[142.2314575,26.5766002],[142.2314501,26.5766517],[142.231464,26.5768596],[142.2314267,26.5769029],[142.2314704,26.5769713],[142.2314771,26.5770271],[142.2313353,26.5772114],[142.2312554,26.577234],[142.2311996,26.5772081],[142.2311464,26.5772478],[142.2310183,26.5772676],[142.2308088,26.5771398],[142.230728,26.577032],[142.2306749,26.5770205],[142.230565,26.5770862],[142.2305187,26.5769925],[142.2304874,26.576896],[142.2304152,26.5768645],[142.2303986,26.5767703]]],[[[142.2324063,26.5790237],[142.2322963,26.5791412],[142.2322333,26.5792144],[142.2321622,26.5793152],[142.2321139,26.5793667],[142.2320482,26.5794171],[142.2319463,26.5794543],[142.2319248,26.5795035],[142.231902,26.5795562],[142.2319296,26.5796114],[142.2317696,26.5796484],[142.2316876,26.5795764],[142.2315606,26.5795844],[142.2315346,26.5795604],[142.2315106,26.5794824],[142.2313646,26.5793574],[142.2313506,26.5793124],[142.2313406,26.5792374],[142.2313546,26.5791764],[142.2313036,26.5791014],[142.2313126,26.5790374],[142.2313556,26.5789634],[142.2313036,26.5788914],[142.2313036,26.5788444],[142.2313126,26.5787684],[142.2313736,26.5787134],[142.2313126,26.5786784],[142.2313036,26.5786054],[142.2313856,26.5785214],[142.2314046,26.5784274],[142.2314606,26.5783584],[142.2314856,26.5783384],[142.2315586,26.5783364],[142.2316056,26.5782234],[142.2317906,26.5780864],[142.2319596,26.5781274],[142.2320006,26.5782094],[142.2321406,26.5781984],[142.2321946,26.5782314],[142.2323556,26.5782394],[142.2323686,26.5782624],[142.2323606,26.5783604],[142.2324906,26.5784264],[142.2325236,26.5784644],[142.2325296,26.5786224],[142.2325753,26.5786435],[142.232637,26.5786711],[142.2326651,26.5787095],[142.2327067,26.578761],[142.2327255,26.5788234],[142.2327141,26.5788804],[142.2326973,26.5789302],[142.2326691,26.5789889],[142.2326021,26.5790177],[142.232531,26.5790165],[142.2324063,26.5790237]]],[[[142.229373,26.565084],[142.229407,26.565043],[142.229534,26.565036],[142.229605,26.564972],[142.229659,26.56495],[142.229719,26.56496],[142.229786,26.56506],[142.229903,26.565058],[142.229938,26.565114],[142.229976,26.56524],[142.230031,26.565321],[142.230047,26.565428],[142.230147,26.565455],[142.230185,26.565506],[142.230283,26.565564],[142.230313,26.565579],[142.230375,26.565552],[142.230608,26.565547],[142.230716,26.565486],[142.230768,26.565479],[142.230844,26.565523],[142.230882,26.565567],[142.230892,26.565664],[142.230798,26.56572],[142.230781,26.565796],[142.230621,26.565918],[142.230641,26.566015],[142.230678,26.565998],[142.230778,26.566022],[142.230835,26.566103],[142.230946,26.56621],[142.230974,26.566285],[142.231027,26.566283],[142.231078,26.566315],[142.231162,26.56638],[142.23119,26.566424],[142.231247,26.566407],[142.231344,26.566422],[142.23142,26.566488],[142.231531,26.566518],[142.23158,26.566569],[142.231623,26.566569],[142.231702,26.566467],[142.231759,26.566433],[142.231889,26.566426],[142.231951,26.566448],[142.232057,26.566411],[142.232103,26.566413],[142.232141,26.566489],[142.232141,26.566562],[142.232187,26.566569],[142.232259,26.56665],[142.232307,26.566634],[142.232699,26.566537],[142.232744,26.566435],[142.232746,26.566291],[142.232779,26.566248],[142.232974,26.566221],[142.233022,26.566262],[142.233052,26.566353],[142.233125,26.566406],[142.233164,26.566472],[142.23324,26.566508],[142.233285,26.566586],[142.233405,26.56663],[142.233434,26.566657],[142.2335,26.566669],[142.23359,26.56663],[142.2337,26.566635],[142.233735,26.566601],[142.233844,26.566611],[142.233887,26.566633],[142.233945,26.566713],[142.234097,26.566778],[142.23414,26.566929],[142.234172,26.566938],[142.234272,26.566909],[142.234349,26.566938],[142.234362,26.56697],[142.234454,26.567004],[142.234489,26.566973],[142.23454,26.566963],[142.23457,26.56698],[142.23462,26.567065],[142.234717,26.567106],[142.234807,26.567211],[142.234929,26.567255],[142.234982,26.567311],[142.235067,26.567282],[142.235115,26.567299],[142.235245,26.567394],[142.23531,26.5674],[142.235367,26.567451],[142.235479,26.567456],[142.235565,26.567495],[142.235617,26.567546],[142.235635,26.567609],[142.235688,26.567604],[142.235723,26.567621],[142.235872,26.567765],[142.2358267,26.5679012],[142.2358551,26.568037],[142.2360703,26.5680092],[142.2361657,26.56794],[142.2361733,26.567841],[142.23618,26.567746],[142.236178,26.567709],[142.236263,26.567641],[142.236298,26.567583],[142.236341,26.567568],[142.236393,26.567575],[142.236436,26.567607],[142.236555,26.5676],[142.2365502,26.5675018],[142.2365829,26.5674584],[142.2367057,26.5674618],[142.2368915,26.5675264],[142.236965,26.567635],[142.23703,26.567635],[142.237084,26.567657],[142.237141,26.567715],[142.237284,26.567694],[142.237306,26.567706],[142.2373144,26.567792],[142.2373978,26.5678444],[142.2374816,26.5677848],[142.2375552,26.5677736],[142.2376281,26.567838],[142.2376759,26.5679062],[142.2376528,26.5680086],[142.2376886,26.5680038],[142.2377825,26.5680306],[142.2378265,26.5680418],[142.237878,26.567991],[142.237973,26.568001],[142.238033,26.568049],[142.2380732,26.5681398],[142.2381019,26.5682108],[142.2381767,26.5682698],[142.2383041,26.5682476],[142.23842,26.568273],[142.238485,26.568173],[142.23858,26.568134],[142.238686,26.568164],[142.238778,26.568088],[142.238813,26.567974],[142.238835,26.567952],[142.23896,26.567944],[142.239079,26.567986],[142.23919,26.567918],[142.239247,26.567906],[142.239326,26.567964],[142.239439,26.567923],[142.239491,26.567765],[142.239578,26.567731],[142.239656,26.567612],[142.2397842,26.5674199],[142.2398487,26.5672997],[142.2399568,26.5673323],[142.2399676,26.567513],[142.240003,26.567629],[142.240011,26.567787],[142.2400767,26.5679572],[142.2400455,26.5680458],[142.2398514,26.5681464],[142.2398306,26.5682383],[142.239873,26.5684073],[142.2399437,26.5684601],[142.2400845,26.5684248],[142.240166,26.568435],[142.2401924,26.5685586],[142.240128,26.5686658],[142.2402943,26.5685035],[142.2404178,26.5685917],[142.2402945,26.5688408],[142.240171,26.568983],[142.240069,26.5690458],[142.2399965,26.5691624],[142.2399069,26.569215],[142.239876,26.569159],[142.239773,26.569095],[142.23977,26.568988],[142.239749,26.568969],[142.239689,26.568966],[142.239556,26.568905],[142.239439,26.568944],[142.239315,26.56891],[142.239309,26.569],[142.239334,26.569032],[142.23938,26.569051],[142.239434,26.569134],[142.239578,26.569103],[142.239616,26.569119],[142.23974,26.569261],[142.239824,26.569244],[142.239895,26.56928],[142.239954,26.5694281],[142.2399153,26.5695723],[142.2397933,26.5697174],[142.2396905,26.5695741],[142.2395778,26.5695176],[142.239391,26.569456],[142.239326,26.569404],[142.239299,26.569298],[142.239185,26.569273],[142.239079,26.569195],[142.239054,26.569212],[142.239063,26.569373],[142.239114,26.569393],[142.239141,26.569441],[142.239141,26.569521],[142.239079,26.569675],[142.239098,26.56977],[142.239052,26.569838],[142.238979,26.569877],[142.238976,26.570021],[142.238933,26.57007],[142.238881,26.570094],[142.238726,26.570072],[142.238675,26.57016],[142.238553,26.570208],[142.238504,26.570335],[142.2384998,26.5705188],[142.2382813,26.5707497],[142.238127,26.570387],[142.2381,26.570243],[142.238008,26.570262],[142.237897,26.570243],[142.237843,26.570338],[142.237707,26.570467],[142.23765,26.570482],[142.237593,26.570467],[142.237542,26.570423],[142.237417,26.570457],[142.237344,26.57044],[142.237279,26.570494],[142.237306,26.570538],[142.237301,26.57064],[142.237138,26.57073],[142.237062,26.570727],[142.237038,26.570698],[142.237043,26.570608],[142.236986,26.570513],[142.23691,26.57049],[142.236821,26.570507],[142.23678,26.570495],[142.236748,26.570466],[142.236729,26.570415],[142.236691,26.570407],[142.236555,26.570485],[142.236509,26.570493],[142.236406,26.57047],[142.236336,26.5705],[142.236246,26.5705],[142.236195,26.570554],[142.236032,26.570596],[142.236002,26.570618],[142.235978,26.57072],[142.235869,26.570852],[142.235837,26.570942],[142.23572,26.570959],[142.235623,26.570882],[142.235525,26.570942],[142.235453,26.570958],[142.235278,26.570942],[142.235238,26.570813],[142.235143,26.5709],[142.23504,26.570956],[142.234967,26.571037],[142.234948,26.571212],[142.234884,26.571261],[142.234815,26.571263],[142.234855,26.571333],[142.234845,26.571391],[142.23467,26.571529],[142.234593,26.571691],[142.234503,26.57175],[142.234503,26.571838],[142.234449,26.571933],[142.234403,26.571969],[142.234332,26.571972],[142.234255,26.572062],[142.234189,26.572089],[142.234134,26.572089],[142.234069,26.572045],[142.234064,26.572112],[142.234012,26.572166],[142.233862,26.572185],[142.233817,26.572261],[142.233767,26.57229],[142.233652,26.572295],[142.233614,26.572312],[142.233492,26.572407],[142.23348,26.57257],[142.23354,26.572654],[142.233532,26.572754],[142.233459,26.572803],[142.233442,26.572861],[142.23341,26.572898],[142.233347,26.572924],[142.23329,26.572924],[142.233185,26.572868],[142.233172,26.572888],[142.23319,26.573006],[142.23325,26.573096],[142.233242,26.573167],[142.233272,26.573208],[142.233255,26.573371],[142.233225,26.573413],[142.233139,26.573425],[142.233142,26.573476],[142.233077,26.573547],[142.232977,26.573566],[142.23296,26.57362],[142.232897,26.573693],[142.232775,26.573718],[142.232775,26.573765],[142.232714,26.573843],[142.232597,26.573855],[142.232624,26.573928],[142.232589,26.574021],[142.232542,26.5741062],[142.2324713,26.5742312],[142.2323634,26.57426],[142.232242,26.574147],[142.232209,26.574059],[142.232097,26.573984],[142.232095,26.573838],[142.232025,26.573813],[142.232,26.573884],[142.231967,26.573923],[142.23188,26.57394],[142.231887,26.574045],[142.231862,26.574108],[142.231775,26.574169],[142.231795,26.574218],[142.231779,26.574359],[142.231692,26.57442],[142.231712,26.574513],[142.231685,26.574605],[142.231672,26.574749],[142.231624,26.574803],[142.231555,26.574822],[142.231567,26.574912],[142.231545,26.574966],[142.231487,26.575024],[142.231425,26.575031],[142.231434,26.57509],[142.231399,26.575153],[142.231365,26.57519],[142.231282,26.575207],[142.23128,26.575275],[142.231234,26.575343],[142.231152,26.575353],[142.23117,26.575453],[142.231147,26.575522],[142.231109,26.575559],[142.231022,26.575585],[142.23086,26.575673],[142.23081,26.575668],[142.230784,26.575639],[142.23074,26.575627],[142.230632,26.575671],[142.230517,26.575749],[142.230407,26.575749],[142.2302877,26.575711],[142.230304,26.575576],[142.23029,26.575527],[142.230307,26.575459],[142.230342,26.575409],[142.230382,26.575355],[142.230337,26.575321],[142.230327,26.575277],[142.23038,26.57518],[142.23038,26.575009],[142.230365,26.574968],[142.230292,26.574919],[142.23019,26.57498],[142.230074,26.57498],[142.22998,26.575112],[142.229884,26.575129],[142.22981,26.575177],[142.22969,26.575177],[142.229604,26.575129],[142.22952,26.575153],[142.229482,26.575121],[142.229469,26.575019],[142.22949,26.574985],[142.229482,26.574946],[142.229439,26.57488],[142.229435,26.57481],[142.229346,26.574766],[142.229295,26.574634],[142.229284,26.574593],[142.229322,26.57453],[142.229287,26.574486],[142.229265,26.574401],[142.229284,26.57431],[142.229235,26.574284],[142.229208,26.574244],[142.229192,26.574159],[142.229159,26.574145],[142.229059,26.574162],[142.228956,26.574142],[142.228877,26.5743554],[142.2287512,26.5744352],[142.228622,26.5743915],[142.228477,26.5743328],[142.2285775,26.5742257],[142.228687,26.574157],[142.22875,26.574035],[142.22869,26.574027],[142.228641,26.573997],[142.228606,26.573966],[142.228584,26.573895],[142.228481,26.573861],[142.228449,26.573829],[142.228338,26.573805],[142.228276,26.573751],[142.228246,26.573681],[142.22826,26.573608],[142.228189,26.573605],[142.228149,26.573576],[142.228108,26.573518],[142.228092,26.57342],[142.228057,26.57341],[142.228016,26.573352],[142.228005,26.573269],[142.227919,26.573233],[142.227846,26.573142],[142.227843,26.573064],[142.227799,26.572996],[142.227794,26.572886],[142.227851,26.572762],[142.227759,26.572655],[142.227745,26.572616],[142.227748,26.572482],[142.227686,26.572404],[142.227607,26.572385],[142.227564,26.572294],[142.227504,26.572292],[142.227474,26.572316],[142.227417,26.572321],[142.227347,26.572287],[142.227306,26.572209],[142.22726,26.572185],[142.227233,26.572143],[142.227222,26.571997],[142.227263,26.571919],[142.227173,26.571788],[142.22707,26.571749],[142.227005,26.571676],[142.226929,26.571642],[142.226794,26.571504],[142.226815,26.571389],[142.226769,26.571334],[142.226701,26.57118],[142.226644,26.571139],[142.226536,26.570963],[142.226544,26.570888],[142.226617,26.570866],[142.226634,26.570844],[142.226631,26.57081],[142.226593,26.570771],[142.22659,26.570693],[142.226547,26.570613],[142.226544,26.570547],[142.226571,26.570484],[142.226688,26.570442],[142.226707,26.570418],[142.226707,26.570325],[142.226726,26.570281],[142.226804,26.570267],[142.226872,26.570279],[142.226937,26.570201],[142.227038,26.570167],[142.227103,26.570018],[142.227216,26.569879],[142.22733,26.569855],[142.227393,26.569865],[142.227466,26.569899],[142.227523,26.569853],[142.227566,26.569723],[142.227596,26.569692],[142.227683,26.56967],[142.227702,26.569588],[142.227723,26.569569],[142.227818,26.569549],[142.227824,26.569464],[142.227919,26.569367],[142.228046,26.569369],[142.228165,26.569298],[142.228249,26.569298],[142.228296,26.569318],[142.228423,26.569212],[142.228448,26.56917],[142.228484,26.56896],[142.228477,26.568815],[142.228423,26.568634],[142.228369,26.568618],[142.228309,26.568504],[142.228222,26.568461],[142.228184,26.568458],[142.228076,26.568504],[142.227994,26.568473],[142.227938,26.568417],[142.227775,26.568431],[142.227686,26.568378],[142.227558,26.568393],[142.227463,26.568327],[142.227428,26.568278],[142.227338,26.568224],[142.227325,26.568124],[142.227366,26.568081],[142.227333,26.568018],[142.227355,26.567909],[142.227414,26.567865],[142.227477,26.567853],[142.227488,26.567833],[142.227447,26.567792],[142.227436,26.567708],[142.22752,26.567613],[142.227479,26.567557],[142.227479,26.567508],[142.22755,26.56728],[142.227466,26.567309],[142.227368,26.5673],[142.22733,26.567314],[142.227298,26.567439],[142.227268,26.567475],[142.22723,26.56749],[142.227138,26.567477],[142.227054,26.567548],[142.22691,26.56756],[142.226831,26.567604],[142.226772,26.567607],[142.226658,26.567572],[142.226631,26.567548],[142.226631,26.56748],[142.226536,26.567487],[142.226439,26.567417],[142.226322,26.567375],[142.226281,26.567341],[142.226252,26.567292],[142.226235,26.567209],[142.226149,26.567168],[142.226127,26.567034],[142.226189,26.567],[142.226138,26.566932],[142.226132,26.566856],[142.22601,26.566749],[142.225983,26.566649],[142.225859,26.566593],[142.225829,26.56654],[142.225829,26.566427],[142.22585,26.566354],[142.225899,26.566281],[142.225937,26.566267],[142.225921,26.56624],[142.225905,26.566019],[142.225959,26.565934],[142.226078,26.565907],[142.226073,26.565812],[142.226132,26.565732],[142.226208,26.56571],[142.226301,26.565712],[142.226325,26.565664],[142.226436,26.56561],[142.226544,26.565632],[142.226626,26.565574],[142.22668,26.565571],[142.226745,26.565593],[142.22678,26.565666],[142.226894,26.56564],[142.227024,26.565705],[142.227035,26.565662],[142.227062,26.565642],[142.2272,26.565576],[142.227162,26.565541],[142.227159,26.5655],[142.22723,26.565362],[142.227176,26.565344],[142.227076,26.565249],[142.226967,26.565246],[142.226864,26.565139],[142.226797,26.565139],[142.226674,26.565021],[142.226601,26.565029],[142.226515,26.564916],[142.226515,26.564877],[142.226547,26.564814],[142.226506,26.564675],[142.226596,26.56459],[142.226615,26.564488],[142.226691,26.564402],[142.226799,26.564376],[142.22681,26.564341],[142.226905,26.564271],[142.226905,26.564021],[142.226859,26.56398],[142.226826,26.563868],[142.226829,26.563816],[142.226875,26.563785],[142.226924,26.563788],[142.227013,26.563819],[142.227111,26.56376],[142.227219,26.563768],[142.227377,26.563724],[142.227485,26.563756],[142.227583,26.56369],[142.227645,26.563678],[142.227737,26.563716],[142.227862,26.563687],[142.227951,26.563695],[142.228008,26.563724],[142.228022,26.56378],[142.228068,26.563756],[142.228163,26.563794],[142.228228,26.563742],[142.228333,26.563735],[142.228412,26.563754],[142.228455,26.56382],[142.228588,26.563798],[142.228645,26.563808],[142.228702,26.563854],[142.228764,26.563854],[142.228811,26.563879],[142.228857,26.563905],[142.228876,26.563942],[142.22887,26.564098],[142.228946,26.564142],[142.229025,26.564081],[142.229084,26.564073],[142.229136,26.564083],[142.229223,26.564154],[142.22925,26.564215],[142.229198,26.564386],[142.229179,26.564426],[142.229109,26.564452],[142.229098,26.564474],[142.229131,26.564545],[142.229247,26.564535],[142.229385,26.564613],[142.229401,26.56464],[142.229413,26.564754],[142.229304,26.564825],[142.229204,26.564939],[142.229223,26.565047],[142.229373,26.565084]]],[[[142.213108,26.564374],[142.213077,26.56436],[142.212994,26.564422],[142.212856,26.564431],[142.212729,26.564465],[142.212643,26.564451],[142.212601,26.564422],[142.212559,26.564464],[142.212505,26.564478],[142.212403,26.564449],[142.212343,26.564406],[142.212119,26.564355],[142.212055,26.564381],[142.211895,26.564389],[142.211809,26.564309],[142.211782,26.564096],[142.21179,26.563997],[142.211767,26.563968],[142.211592,26.563891],[142.211544,26.563856],[142.211525,26.563807],[142.211374,26.563833],[142.211272,26.563816],[142.211067,26.563734],[142.211014,26.563734],[142.210972,26.563766],[142.210914,26.56378],[142.210747,26.563772],[142.210677,26.563734],[142.210659,26.563776],[142.210537,26.563796],[142.210477,26.563793],[142.210432,26.563759],[142.210397,26.563756],[142.210352,26.563805],[142.210132,26.563842],[142.210091,26.563883],[142.210039,26.5639],[142.209867,26.563862],[142.20979,26.563937],[142.209537,26.563999],[142.209416,26.563944],[142.209237,26.563938],[142.209141,26.563881],[142.209096,26.563789],[142.209039,26.563749],[142.20902,26.563714],[142.209004,26.563574],[142.209032,26.563528],[142.208991,26.563425],[142.208989,26.56335],[142.208898,26.56335],[142.208885,26.56339],[142.20885,26.563422],[142.208812,26.563577],[142.208684,26.563643],[142.208659,26.563709],[142.208617,26.563718],[142.208346,26.563623],[142.20831,26.563583],[142.208304,26.563525],[142.208202,26.563537],[142.208148,26.563508],[142.208081,26.563364],[142.20803,26.563295],[142.20804,26.563194],[142.207979,26.563183],[142.20794,26.563145],[142.207874,26.563043],[142.20787,26.562968],[142.207812,26.562957],[142.207736,26.562868],[142.20771,26.562825],[142.207707,26.562773],[142.20764,26.562764],[142.207576,26.562724],[142.207557,26.562681],[142.207477,26.562647],[142.207257,26.562463],[142.207202,26.562489],[142.207084,26.562469],[142.20686,26.562474],[142.206784,26.562426],[142.206729,26.562357],[142.206739,26.562268],[142.20671,26.562216],[142.206602,26.562173],[142.206528,26.562124],[142.206483,26.562067],[142.206388,26.562033],[142.206298,26.561935],[142.206177,26.561901],[142.206094,26.561766],[142.205951,26.561705],[142.205881,26.561697],[142.205843,26.561754],[142.20576,26.561786],[142.205667,26.561854],[142.205597,26.561858],[142.205466,26.561829],[142.205364,26.561849],[142.205313,26.561849],[142.205264,26.561872],[142.205009,26.562045],[142.204939,26.562043],[142.204792,26.561933],[142.20475,26.561675],[142.20468,26.561687],[142.204508,26.561675],[142.204482,26.561738],[142.204424,26.561796],[142.204332,26.561827],[142.204364,26.561935],[142.204306,26.562196],[142.204255,26.562256],[142.20414,26.562274],[142.204022,26.562254],[142.203977,26.562225],[142.203926,26.562251],[142.20383,26.562254],[142.203757,26.562231],[142.203645,26.562164],[142.203508,26.562159],[142.203399,26.56211],[142.203281,26.562134],[142.203182,26.562102],[142.203144,26.562065],[142.203131,26.562016],[142.203057,26.561956],[142.203013,26.561835],[142.203108,26.561609],[142.203153,26.561563],[142.203227,26.561534],[142.203259,26.561469],[142.203358,26.561408],[142.203431,26.561279],[142.203473,26.561248],[142.203543,26.56123],[142.203655,26.561227],[142.203834,26.560983],[142.203894,26.560949],[142.203981,26.560943],[142.204003,26.560863],[142.204054,26.560817],[142.204166,26.560805],[142.204194,26.56063],[142.204159,26.560613],[142.204102,26.560541],[142.204054,26.560349],[142.20406,26.56026],[142.203929,26.560154],[142.203907,26.560025],[142.203987,26.559913],[142.204048,26.559896],[142.204255,26.560062],[142.204306,26.560168],[142.204332,26.560036],[142.204242,26.559944],[142.20422,26.559807],[142.204182,26.559749],[142.204166,26.559683],[142.204169,26.559614],[142.204095,26.559577],[142.204067,26.559537],[142.204025,26.559296],[142.204048,26.559178],[142.204022,26.559126],[142.204016,26.559055],[142.204051,26.55896],[142.204003,26.558926],[142.203984,26.558828],[142.203926,26.558854],[142.203789,26.558796],[142.203623,26.558796],[142.203581,26.558753],[142.203514,26.558733],[142.203415,26.558742],[142.203294,26.558687],[142.203259,26.558633],[142.203249,26.558558],[142.203262,26.558492],[142.2033,26.558443],[142.203412,26.558449],[142.203457,26.558343],[142.203351,26.558243],[142.203313,26.558271],[142.203259,26.558268],[142.203195,26.558237],[142.203125,26.558237],[142.203016,26.558151],[142.202987,26.558108],[142.202914,26.558131],[142.202751,26.557984],[142.202738,26.557933],[142.202754,26.557889],[142.202815,26.557841],[142.202748,26.557743],[142.202732,26.557677],[142.202614,26.557611],[142.202556,26.557548],[142.202534,26.557433],[142.202467,26.557416],[142.202374,26.557353],[142.202272,26.557358],[142.20216,26.557261],[142.202067,26.557252],[142.201901,26.557143],[142.201815,26.55704],[142.201812,26.556922],[142.20177,26.556894],[142.201764,26.556811],[142.201738,26.556759],[142.201591,26.556696],[142.201566,26.556655],[142.201617,26.556541],[142.201659,26.556512],[142.201735,26.556509],[142.201809,26.556432],[142.201873,26.556432],[142.201936,26.556358],[142.201994,26.55633],[142.202064,26.556327],[142.202166,26.556393],[142.202243,26.556376],[142.202358,26.556401],[142.202505,26.556404],[142.202473,26.556315],[142.202355,26.556321],[142.202253,26.556223],[142.202173,26.556221],[142.201908,26.556071],[142.201863,26.556028],[142.201838,26.555928],[142.201777,26.555959],[142.20171,26.555959],[142.201528,26.555931],[142.201476,26.555905],[142.201461,26.555741],[142.20147,26.555687],[142.201512,26.555655],[142.201668,26.555626],[142.2017,26.555566],[142.201665,26.555403],[142.201674,26.555354],[142.201726,26.555293],[142.201646,26.555213],[142.201518,26.555012],[142.201556,26.554794],[142.201627,26.554737],[142.201684,26.554728],[142.201681,26.554668],[142.201767,26.554587],[142.201882,26.55457],[142.201927,26.554487],[142.201885,26.554332],[142.201908,26.554226],[142.201863,26.554197],[142.201838,26.55414],[142.201789,26.554126],[142.201751,26.554157],[142.201508,26.554097],[142.201483,26.554031],[142.201489,26.553968],[142.201614,26.553929],[142.201645,26.553811],[142.201627,26.553705],[142.20164,26.553656],[142.201565,26.553498],[142.201664,26.553389],[142.201729,26.553358],[142.201719,26.55324],[142.20176,26.5532],[142.201857,26.553154],[142.201865,26.553117],[142.201978,26.553022],[142.202058,26.553031],[142.20209,26.552976],[142.202147,26.552967],[142.202205,26.552982],[142.202269,26.553036],[142.202473,26.553082],[142.202524,26.553111],[142.202582,26.553188],[142.202687,26.553243],[142.202754,26.553349],[142.202882,26.553441],[142.202913,26.553527],[142.202917,26.553599],[142.202978,26.553659],[142.203016,26.553725],[142.203023,26.553794],[142.203106,26.553906],[142.203118,26.553972],[142.203221,26.55411],[142.203224,26.554202],[142.203201,26.554278],[142.203224,26.554335],[142.203313,26.554421],[142.203358,26.554325],[142.203323,26.554214],[142.203332,26.554154],[142.203393,26.554137],[142.203434,26.554154],[142.20347,26.554232],[142.203508,26.554252],[142.203594,26.55426],[142.203658,26.5542],[142.203617,26.554147],[142.203613,26.554074],[142.2037,26.553922],[142.2037,26.553757],[142.203776,26.553622],[142.203818,26.553605],[142.203974,26.553709],[142.204048,26.553817],[142.204048,26.553887],[142.204086,26.553942],[142.204115,26.554265],[142.204108,26.554309],[142.204064,26.554372],[142.204089,26.554535],[142.20408,26.554612],[142.204188,26.554639],[142.2043,26.554752],[142.204374,26.55475],[142.204489,26.55471],[142.204572,26.554717],[142.204687,26.554795],[142.204739,26.554857],[142.204927,26.554834],[142.20497,26.554785],[142.205046,26.554805],[142.205181,26.554792],[142.205228,26.55463],[142.205273,26.55459],[142.205304,26.554589],[142.205342,26.554629],[142.205378,26.554767],[142.205579,26.55472],[142.205555,26.554614],[142.205575,26.554534],[142.205621,26.55447],[142.205594,26.554395],[142.205608,26.554224],[142.205628,26.554172],[142.205689,26.554134],[142.205729,26.554136],[142.205849,26.554227],[142.205862,26.55432],[142.205962,26.554409],[142.205983,26.554462],[142.205983,26.554537],[142.206067,26.554632],[142.206294,26.554585],[142.20613,26.554444],[142.20611,26.554405],[142.206109,26.554327],[142.206135,26.554262],[142.206106,26.554142],[142.206156,26.554069],[142.206161,26.553977],[142.206179,26.553946],[142.206263,26.553835],[142.206304,26.553819],[142.206353,26.553825],[142.206396,26.553872],[142.206458,26.554107],[142.206459,26.554177],[142.206552,26.554294],[142.206548,26.55443],[142.206581,26.55447],[142.206659,26.55449],[142.206709,26.554535],[142.20712,26.554545],[142.207203,26.55446],[142.207251,26.554446],[142.207491,26.554444],[142.207539,26.554457],[142.207571,26.55455],[142.207622,26.554592],[142.207702,26.554619],[142.207737,26.554665],[142.207772,26.554625],[142.207823,26.554615],[142.20789,26.554612],[142.208053,26.55465],[142.208085,26.554605],[142.208123,26.55459],[142.208397,26.55459],[142.208416,26.55463],[142.208413,26.55473],[142.208477,26.554742],[142.208544,26.554805],[142.208541,26.554917],[142.208605,26.554977],[142.208726,26.554965],[142.208764,26.554982],[142.208793,26.55503],[142.208767,26.55518],[142.208809,26.55522],[142.209048,26.555229],[142.209074,26.555257],[142.209083,26.55533],[142.209176,26.555352],[142.20923,26.55533],[142.209333,26.555337],[142.209374,26.555404],[142.209413,26.5554],[142.209454,26.55536],[142.209537,26.555324],[142.20955,26.555232],[142.209585,26.555165],[142.209697,26.555122],[142.209828,26.55501],[142.20994,26.555022],[142.210096,26.554826],[142.210218,26.554832],[142.210268,26.554821],[142.210326,26.554779],[142.210383,26.554779],[142.2104,26.55479],[142.210422,26.554897],[142.210451,26.5549],[142.210505,26.554857],[142.210607,26.554851],[142.21069,26.55498],[142.210681,26.55509],[142.21071,26.555126],[142.210706,26.555274],[142.210642,26.555345],[142.210579,26.555474],[142.210527,26.555492],[142.210511,26.555577],[142.210447,26.555697],[142.210422,26.555805],[142.210562,26.555862],[142.210591,26.555977],[142.210729,26.55604],[142.210765,26.556127],[142.210829,26.55617],[142.21088,26.556245],[142.210944,26.556225],[142.211071,26.556237],[142.211174,26.556205],[142.211301,26.556242],[142.211346,26.556227],[142.211384,26.556115],[142.211464,26.556067],[142.211506,26.555955],[142.211572,26.55592],[142.211835,26.555987],[142.211864,26.556012],[142.211872,26.556119],[142.211931,26.556095],[142.211991,26.556099],[142.212182,26.556155],[142.212214,26.556242],[142.212285,26.556239],[142.212342,26.556162],[142.212357,26.556037],[142.21239,26.55598],[142.212419,26.555945],[142.212502,26.555934],[142.212512,26.555875],[142.212539,26.555852],[142.212642,26.555795],[142.212745,26.555847],[142.212799,26.555847],[142.212844,26.555927],[142.212895,26.555905],[142.213016,26.555914],[142.213061,26.555865],[142.213047,26.555817],[142.213119,26.555565],[142.213162,26.555521],[142.213269,26.555515],[142.21332,26.555481],[142.213394,26.555467],[142.213467,26.555472],[142.213499,26.555515],[142.213531,26.555587],[142.21355,26.555725],[142.213531,26.555791],[142.213441,26.555849],[142.213416,26.555884],[142.213406,26.555944],[142.213476,26.555937],[142.213531,26.555972],[142.213646,26.556159],[142.213799,26.556147],[142.213821,26.556174],[142.213831,26.556322],[142.21377,26.556412],[142.21386,26.556557],[142.213917,26.556549],[142.214061,26.556587],[142.214093,26.55664],[142.214169,26.556624],[142.214294,26.556637],[142.214419,26.556612],[142.214514,26.55662],[142.21462,26.55669],[142.214815,26.556675],[142.214872,26.556707],[142.214901,26.556667],[142.215048,26.556675],[142.215083,26.556692],[142.215118,26.556755],[142.215182,26.556742],[142.215288,26.556814],[142.215291,26.556934],[142.215361,26.557025],[142.21538,26.557102],[142.215364,26.557149],[142.215402,26.557172],[142.215482,26.557312],[142.215466,26.557367],[142.215508,26.557392],[142.215556,26.557537],[142.215556,26.55759],[142.215504,26.55764],[142.21561,26.557779],[142.215607,26.557865],[142.215696,26.557977],[142.215686,26.558065],[142.215789,26.558077],[142.215875,26.558172],[142.216016,26.55824],[142.216016,26.558362],[142.216067,26.558447],[142.216057,26.558494],[142.215955,26.55853],[142.215814,26.558537],[142.215773,26.55849],[142.215734,26.5585],[142.215712,26.558537],[142.215706,26.558672],[142.215741,26.558744],[142.215795,26.558729],[142.215961,26.558795],[142.216003,26.558827],[142.216025,26.5589],[142.216092,26.558873],[142.216201,26.558875],[142.216344,26.559005],[142.216344,26.559055],[142.216316,26.559094],[142.216249,26.559114],[142.216163,26.559237],[142.21622,26.559292],[142.216265,26.559387],[142.216287,26.559456],[142.216271,26.559513],[142.216357,26.559708],[142.216412,26.559748],[142.216444,26.559898],[142.216431,26.559981],[142.216517,26.560021],[142.216667,26.560282],[142.216661,26.56036],[142.216718,26.560388],[142.216741,26.560529],[142.216792,26.560675],[142.21676,26.560758],[142.216705,26.560781],[142.21668,26.560821],[142.216696,26.561017],[142.216737,26.561068],[142.216747,26.561126],[142.216741,26.561269],[142.216836,26.561305],[142.216881,26.561274],[142.216954,26.561276],[142.217038,26.561302],[142.217095,26.561368],[142.217213,26.561334],[142.217239,26.561328],[142.217239,26.561282],[142.217299,26.561199],[142.217472,26.561199],[142.217498,26.561256],[142.217523,26.561276],[142.217574,26.561279],[142.217609,26.561311],[142.217651,26.561397],[142.217724,26.561431],[142.217737,26.561474],[142.217727,26.561624],[142.2179,26.561681],[142.217967,26.561606],[142.218076,26.561581],[142.21813,26.561541],[142.218187,26.561541],[142.218226,26.561561],[142.21828,26.561644],[142.218389,26.56169],[142.218401,26.561848],[142.218427,26.561906],[142.218408,26.561961],[142.218338,26.561998],[142.218289,26.562061],[142.218178,26.562084],[142.218123,26.562059],[142.218088,26.562093],[142.218123,26.562136],[142.218197,26.562489],[142.218261,26.562561],[142.218248,26.562636],[142.218299,26.56265],[142.21835,26.562739],[142.218373,26.562897],[142.218414,26.563006],[142.218334,26.563189],[142.218299,26.563215],[142.218076,26.563313],[142.217944,26.563293],[142.217849,26.563299],[142.217555,26.563187],[142.217453,26.563092],[142.21743,26.563052],[142.21743,26.562971],[142.217354,26.562967],[142.217194,26.562875],[142.217066,26.562861],[142.217012,26.562927],[142.216839,26.563019],[142.216817,26.56307],[142.216683,26.563122],[142.216597,26.563131],[142.216571,26.563207],[142.216523,26.563273],[142.216523,26.56331],[142.216555,26.563337],[142.216565,26.563466],[142.216523,26.56354],[142.216514,26.563607],[142.21638,26.563672],[142.216338,26.563773],[142.216303,26.563807],[142.216143,26.563874],[142.216076,26.563888],[142.215945,26.563819],[142.215754,26.563787],[142.215734,26.563827],[142.215559,26.563874],[142.215482,26.563856],[142.215421,26.563816],[142.21522,26.563762],[142.215083,26.563797],[142.215006,26.563757],[142.214949,26.563789],[142.214802,26.563806],[142.214741,26.563909],[142.214674,26.563964],[142.21461,26.564096],[142.214473,26.564104],[142.214438,26.564136],[142.214434,26.564194],[142.214367,26.564219],[142.214259,26.564205],[142.214198,26.564282],[142.21399,26.564291],[142.213802,26.564219],[142.213687,26.564271],[142.213604,26.564285],[142.213514,26.564389],[142.213444,26.564423],[142.213374,26.564423],[142.213304,26.564397],[142.213173,26.564409],[142.213108,26.564374]]],[[[142.159603,26.556722],[142.159568,26.556789],[142.159565,26.55687],[142.159544,26.556915],[142.159492,26.556954],[142.159495,26.557107],[142.159338,26.557317],[142.159393,26.557393],[142.159393,26.557574],[142.159501,26.557663],[142.159527,26.557726],[142.15953,26.557839],[142.159623,26.557907],[142.15967,26.558009],[142.159731,26.557991],[142.159781,26.558001],[142.159894,26.558043],[142.159935,26.558085],[142.160002,26.558053],[142.160177,26.558056],[142.160262,26.558074],[142.160303,26.558106],[142.160323,26.558148],[142.160475,26.558132],[142.160556,26.55819],[142.160594,26.55825],[142.160653,26.558292],[142.160737,26.558452],[142.160717,26.558557],[142.160816,26.558606],[142.160895,26.558729],[142.160909,26.558785],[142.16088,26.558853],[142.160985,26.55896],[142.161017,26.559065],[142.161081,26.559083],[142.161218,26.559233],[142.161224,26.559327],[142.161306,26.559366],[142.161332,26.559419],[142.161349,26.559525],[142.161326,26.559721],[142.161265,26.559789],[142.161192,26.559816],[142.161113,26.559816],[142.161008,26.559936],[142.160918,26.559965],[142.16095,26.560044],[142.161046,26.560101],[142.161084,26.560185],[142.161076,26.560249],[142.16102,26.560341],[142.16107,26.560436],[142.161081,26.560588],[142.161041,26.560621],[142.161035,26.560661],[142.161061,26.5607],[142.161073,26.5608],[142.161041,26.560864],[142.160933,26.560929],[142.160918,26.560966],[142.160927,26.561084],[142.160874,26.561171],[142.160804,26.56122],[142.160746,26.561332],[142.160693,26.561384],[142.160612,26.561418],[142.160469,26.561392],[142.160384,26.561434],[142.1603,26.561539],[142.16023,26.561554],[142.160166,26.561547],[142.160101,26.561507],[142.159993,26.561507],[142.159923,26.561602],[142.159886,26.561625],[142.15974,26.561623],[142.159649,26.561688],[142.159518,26.561722],[142.159401,26.561706],[142.159346,26.561725],[142.159317,26.561767],[142.159247,26.561777],[142.15918,26.561762],[142.158967,26.561796],[142.158843,26.561694],[142.158234,26.561663],[142.158033,26.561672],[142.157821,26.561706],[142.156774,26.56195],[142.156765,26.562014],[142.156637,26.56217],[142.156506,26.562157],[142.156319,26.562252],[142.156249,26.562328],[142.156065,26.562375],[142.156029,26.562404],[142.15596,26.562557],[142.155904,26.562612],[142.15587,26.562636],[142.155759,26.562633],[142.155739,26.562662],[142.155796,26.562808],[142.155873,26.562892],[142.15591,26.562997],[142.156019,26.563077],[142.156041,26.563127],[142.156051,26.563242],[142.155998,26.563342],[142.156036,26.56346],[142.15603,26.56351],[142.155998,26.563552],[142.155876,26.563565],[142.155765,26.563528],[142.15565,26.563748],[142.15566,26.563825],[142.15575,26.563885],[142.155759,26.56393],[142.15575,26.564032],[142.155727,26.564065],[142.155663,26.564092],[142.155648,26.564123],[142.155666,26.564155],[142.155744,26.564202],[142.155774,26.56429],[142.155715,26.564367],[142.155741,26.564503],[142.155718,26.564595],[142.15568,26.564652],[142.155625,26.564663],[142.155564,26.56464],[142.155421,26.564535],[142.155385,26.56439],[142.155348,26.564338],[142.15521,26.56427],[142.15517,26.56422],[142.15512,26.564262],[142.154989,26.564285],[142.15497,26.564315],[142.155014,26.564382],[142.155026,26.564458],[142.154995,26.564542],[142.154941,26.564587],[142.154935,26.56471],[142.154893,26.564767],[142.154805,26.564833],[142.154731,26.564942],[142.154575,26.564983],[142.15453,26.56496],[142.154515,26.564922],[142.154542,26.56483],[142.154422,26.56473],[142.15441,26.564682],[142.15441,26.564638],[142.15447,26.56456],[142.15446,26.56451],[142.154332,26.564492],[142.154242,26.564538],[142.154122,26.564475],[142.153953,26.564475],[142.153822,26.564545],[142.153682,26.564567],[142.153638,26.56454],[142.153623,26.564448],[142.153571,26.564372],[142.153568,26.564297],[142.15348,26.564233],[142.153393,26.564233],[142.15319,26.564284],[142.153125,26.564244],[142.153066,26.564236],[142.152915,26.564265],[142.152845,26.564252],[142.152664,26.564066],[142.152646,26.564021],[142.152649,26.563977],[142.152699,26.563883],[142.152673,26.563804],[142.152687,26.563764],[142.15283,26.563653],[142.152859,26.563606],[142.152845,26.563551],[142.152745,26.563596],[142.152594,26.563609],[142.152463,26.563648],[142.152404,26.563643],[142.152218,26.563531],[142.152124,26.563464],[142.152098,26.563402],[142.152101,26.56332],[142.152034,26.563306],[142.151958,26.563256],[142.151917,26.563201],[142.151926,26.563091],[142.151847,26.563039],[142.151769,26.562929],[142.151755,26.562837],[142.151781,26.562714],[142.151726,26.562696],[142.151673,26.562635],[142.151653,26.562439],[142.151568,26.562318],[142.151559,26.562255],[142.15158,26.562193],[142.151635,26.562132],[142.151746,26.562127],[142.151781,26.562051],[142.151883,26.561996],[142.151915,26.561951],[142.15202,26.561991],[142.152076,26.561907],[142.152134,26.561883],[142.15222,26.561904],[142.152255,26.561951],[142.152255,26.56209],[142.152355,26.562114],[142.152413,26.562153],[142.152463,26.562276],[142.152556,26.562292],[142.152594,26.562143],[142.152629,26.562098],[142.152722,26.562085],[142.152757,26.562048],[142.15274,26.561933],[142.152815,26.561823],[142.15276,26.561789],[142.15271,26.561718],[142.152687,26.561511],[142.152734,26.561456],[142.152702,26.561422],[142.152675,26.561304],[142.152722,26.561205],[142.152681,26.561142],[142.152678,26.561069],[142.152716,26.560964],[142.152786,26.560914],[142.152807,26.560872],[142.152807,26.560836],[142.152766,26.560797],[142.152754,26.560749],[142.152789,26.560662],[142.152903,26.560533],[142.152859,26.560475],[142.152845,26.560407],[142.152856,26.560292],[142.152883,26.560242],[142.152955,26.560195],[142.152953,26.560096],[142.152979,26.56003],[142.153072,26.559975],[142.153107,26.559923],[142.153212,26.559865],[142.15334,26.559883],[142.153405,26.559814],[142.153597,26.559817],[142.153623,26.559733],[142.153492,26.559741],[142.15346,26.559725],[142.153393,26.559628],[142.153259,26.559551],[142.153177,26.559403],[142.152983,26.559338],[142.152889,26.559231],[142.15277,26.559193],[142.152703,26.559151],[142.152665,26.559056],[142.152385,26.559103],[142.152312,26.559056],[142.152262,26.559003],[142.152233,26.558933],[142.152245,26.558849],[142.152207,26.558829],[142.152093,26.558698],[142.152081,26.558646],[142.152172,26.558563],[142.152233,26.558531],[142.152291,26.558433],[142.152493,26.558391],[142.152551,26.558416],[142.15258,26.558366],[142.152752,26.558321],[142.152828,26.558323],[142.152913,26.558368],[142.153032,26.558306],[142.153025,26.558276],[142.153012,26.558224],[142.153076,26.558054],[142.153064,26.558034],[142.152989,26.558036],[142.152933,26.558011],[142.152863,26.557943],[142.152831,26.557874],[142.15272,26.557866],[142.152571,26.557784],[142.152531,26.557741],[142.152528,26.557691],[142.152563,26.557623],[142.152528,26.557578],[142.152504,26.557453],[142.152566,26.557373],[142.152554,26.557246],[142.152475,26.557216],[142.152402,26.557161],[142.152376,26.557109],[142.152385,26.557061],[142.152414,26.557014],[142.15249,26.556959],[142.152534,26.556815],[142.152586,26.556768],[142.152641,26.556758],[142.152717,26.556776],[142.152767,26.556813],[142.152805,26.556786],[142.153053,26.556763],[142.153111,26.556805],[142.153175,26.556765],[142.153242,26.556749],[142.153333,26.556752],[142.153391,26.556713],[142.153339,26.556578],[142.153339,26.556531],[142.153254,26.556502],[142.153184,26.556389],[142.153067,26.556324],[142.153003,26.556258],[142.153056,26.556104],[142.153024,26.555999],[142.153035,26.555958],[142.153082,26.555903],[142.153187,26.555882],[142.153166,26.555838],[142.153225,26.55568],[142.153257,26.555649],[142.153339,26.555649],[142.153353,26.555589],[142.153464,26.555518],[142.153549,26.55551],[142.153642,26.555526],[142.153674,26.555479],[142.153744,26.555465],[142.153939,26.555473],[142.15398,26.555505],[142.154004,26.55562],[142.154155,26.555683],[142.154275,26.555636],[142.154353,26.555631],[142.154441,26.555663],[142.154609,26.555674],[142.15473,26.555703],[142.154723,26.555608],[142.154813,26.555501],[142.154877,26.555474],[142.15477,26.555401],[142.154741,26.555296],[142.154622,26.555304],[142.15454,26.555265],[142.154499,26.555176],[142.154482,26.555081],[142.154491,26.555021],[142.154552,26.554987],[142.154613,26.554977],[142.154671,26.555006],[142.15473,26.555079],[142.154855,26.555105],[142.154953,26.55515],[142.154959,26.554984],[142.154995,26.55494],[142.15512,26.554901],[142.155093,26.554854],[142.155035,26.554846],[142.154953,26.554799],[142.154908,26.554725],[142.15489,26.554592],[142.154905,26.554544],[142.154966,26.554492],[142.154937,26.55444],[142.154954,26.554306],[142.155045,26.554233],[142.155051,26.554149],[142.155077,26.554091],[142.155024,26.554107],[142.154908,26.554065],[142.154794,26.554102],[142.154657,26.554107],[142.154651,26.554298],[142.154566,26.554369],[142.154505,26.55439],[142.154429,26.55439],[142.154383,26.554487],[142.154364,26.554496],[142.154321,26.554518],[142.154246,26.554518],[142.154135,26.554474],[142.154006,26.554519],[142.153948,26.554488],[142.153881,26.554491],[142.153718,26.554409],[142.15354,26.554423],[142.153464,26.554396],[142.153435,26.554352],[142.153432,26.554278],[142.153362,26.55421],[142.15333,26.554061],[142.153336,26.554029],[142.153449,26.55399],[142.153487,26.55382],[142.153697,26.553707],[142.153697,26.553563],[142.153619,26.553539],[142.153476,26.553353],[142.153438,26.553266],[142.153444,26.553161],[142.153473,26.553111],[142.153569,26.553023],[142.153546,26.55297],[142.153578,26.552857],[142.153575,26.552705],[142.153631,26.552595],[142.153671,26.552569],[142.153657,26.552524],[142.153768,26.552346],[142.153782,26.552228],[142.153838,26.552178],[142.15389,26.552168],[142.154039,26.552254],[142.154059,26.552149],[142.154004,26.55206],[142.15401,26.552013],[142.154117,26.551906],[142.154021,26.551771],[142.154004,26.551703],[142.15403,26.551608],[142.154001,26.551506],[142.154007,26.551438],[142.154042,26.551375],[142.154103,26.55137],[142.154158,26.551412],[142.154275,26.551446],[142.154345,26.551574],[142.154345,26.551622],[142.154421,26.551661],[142.154502,26.551815],[142.154578,26.551837],[142.154674,26.551708],[142.154715,26.551685],[142.154782,26.551685],[142.154817,26.551616],[142.154779,26.551572],[142.154779,26.551527],[142.154806,26.55147],[142.154931,26.551338],[142.154966,26.5511],[142.15503,26.55105],[142.155053,26.551005],[142.155053,26.550971],[142.154998,26.550903],[142.155001,26.550741],[142.155027,26.550696],[142.155088,26.550649],[142.155065,26.550594],[142.155091,26.550421],[142.155123,26.550389],[142.15517,26.550376],[142.155176,26.550274],[142.155109,26.550198],[142.155045,26.550028],[142.155071,26.549949],[142.155004,26.549928],[142.15494,26.54986],[142.154913,26.549792],[142.154902,26.549682],[142.154925,26.549643],[142.154858,26.549588],[142.154791,26.549456],[142.154791,26.549407],[142.154829,26.549304],[142.154777,26.549281],[142.154739,26.549231],[142.154683,26.54909],[142.154733,26.54899],[142.154637,26.548899],[142.15454,26.54893],[142.154593,26.54899],[142.154543,26.549053],[142.154526,26.549111],[142.154533,26.549161],[142.154532,26.549265],[142.154365,26.549333],[142.154301,26.549326],[142.154188,26.549215],[142.154132,26.549221],[142.154088,26.549205],[142.154033,26.549089],[142.154042,26.549019],[142.153992,26.549016],[142.153841,26.548933],[142.153794,26.548862],[142.153759,26.548899],[142.153701,26.548912],[142.153505,26.54902],[142.153429,26.548997],[142.153371,26.548949],[142.153362,26.548903],[142.15338,26.548803],[142.153316,26.548717],[142.153318,26.548596],[142.153356,26.548541],[142.153461,26.548533],[142.153485,26.548452],[142.153601,26.548371],[142.153566,26.548326],[142.153543,26.548229],[142.153397,26.548148],[142.153371,26.548085],[142.153371,26.548027],[142.153409,26.547959],[142.153339,26.547867],[142.153316,26.547757],[142.153275,26.547747],[142.153254,26.547791],[142.153106,26.547828],[142.153088,26.547862],[142.153082,26.547969],[142.152989,26.548054],[142.152884,26.548216],[142.152852,26.548314],[142.152823,26.548331],[142.152723,26.54829],[142.152688,26.54818],[142.152723,26.548085],[142.152688,26.54804],[142.152677,26.547967],[142.152718,26.547878],[142.152683,26.547787],[142.1527,26.547714],[142.152791,26.54762],[142.152729,26.547588],[142.152703,26.547531],[142.152709,26.547447],[142.152665,26.547413],[142.152639,26.547339],[142.152575,26.54736],[142.152627,26.547507],[142.15261,26.547562],[142.152636,26.547606],[142.152639,26.547675],[142.152616,26.547772],[142.152557,26.547889],[142.152595,26.547966],[142.152557,26.548085],[142.152531,26.548131],[142.152394,26.548239],[142.152403,26.548295],[142.152365,26.548374],[142.15221,26.548447],[142.152123,26.548537],[142.152018,26.54856],[142.151927,26.548542],[142.151884,26.548502],[142.151851,26.548429],[142.151802,26.548432],[142.151679,26.548377],[142.151569,26.548361],[142.151504,26.548364],[142.151353,26.548447],[142.151268,26.548445],[142.151216,26.548414],[142.15107,26.548429],[142.151,26.548392],[142.150916,26.548298],[142.150929,26.548201],[142.150837,26.548056],[142.150827,26.547986],[142.15086,26.54774],[142.150882,26.5477],[142.15086,26.547609],[142.150924,26.547494],[142.150882,26.54736],[142.150916,26.547261],[142.151009,26.547164],[142.151009,26.547056],[142.151056,26.546949],[142.151079,26.546917],[142.151184,26.546856],[142.151196,26.546818],[142.151251,26.546738],[142.151292,26.546614],[142.151327,26.546586],[142.151437,26.546578],[142.151516,26.546614],[142.151566,26.546552],[142.151612,26.546526],[142.15168,26.546523],[142.151782,26.546567],[142.151834,26.546528],[142.151942,26.546533],[142.152053,26.54657],[142.152149,26.546544],[142.152266,26.546544],[142.152312,26.546565],[142.15233,26.546609],[142.152315,26.546761],[142.152476,26.546819],[142.152548,26.546822],[142.152729,26.546717],[142.152831,26.546693],[142.153103,26.546717],[142.153211,26.546785],[142.153248,26.546785],[142.153383,26.546714],[142.153353,26.546625],[142.153351,26.546544],[142.153374,26.546494],[142.153461,26.546442],[142.153479,26.546394],[142.153473,26.54636],[142.153374,26.546292],[142.153324,26.546208],[142.153196,26.546179],[142.153158,26.546109],[142.153117,26.545966],[142.153141,26.545913],[142.153148,26.545875],[142.153254,26.545815],[142.153263,26.545654],[142.153244,26.545564],[142.15326,26.545504],[142.153292,26.545479],[142.153429,26.545437],[142.15348,26.545437],[142.153483,26.545313],[142.153568,26.545219],[142.153693,26.545169],[142.153718,26.545067],[142.153809,26.544963],[142.153897,26.544937],[142.15396,26.544963],[142.153998,26.545002],[142.154073,26.54498],[142.154201,26.544997],[142.154204,26.54486],[142.154236,26.544813],[142.154358,26.544745],[142.154358,26.5447],[142.154321,26.544635],[142.154317,26.544587],[142.154355,26.544542],[142.154503,26.54448],[142.154518,26.54441],[142.154455,26.544297],[142.154474,26.544217],[142.154455,26.54415],[142.154374,26.54404],[142.154368,26.543969],[142.154399,26.543867],[142.15438,26.543792],[142.154531,26.543675],[142.154584,26.543675],[142.154622,26.543712],[142.154659,26.543802],[142.154666,26.543882],[142.154791,26.543919],[142.154882,26.544022],[142.155042,26.544094],[142.155193,26.544094],[142.155318,26.544012],[142.155315,26.543905],[142.155346,26.543817],[142.155315,26.543747],[142.155343,26.543679],[142.155481,26.543625],[142.155591,26.543555],[142.155641,26.543555],[142.155698,26.543625],[142.155836,26.543662],[142.155886,26.543702],[142.155949,26.543555],[142.155889,26.543484],[142.155895,26.543452],[142.155983,26.543362],[142.156071,26.543369],[142.156115,26.54339],[142.156215,26.543349],[142.156291,26.543337],[142.15635,26.543374],[142.156388,26.543452],[142.156388,26.543527],[142.156328,26.543622],[142.156363,26.543747],[142.156347,26.543832],[142.156419,26.54386],[142.156469,26.543707],[142.156579,26.543634],[142.156567,26.543527],[142.156589,26.543402],[142.156623,26.543362],[142.156692,26.543335],[142.15672,26.543215],[142.156749,26.543177],[142.156786,26.54317],[142.157025,26.543247],[142.157053,26.543349],[142.157172,26.543394],[142.15725,26.54345],[142.157275,26.54354],[142.157366,26.54357],[142.157438,26.543642],[142.157442,26.543702],[142.157567,26.543712],[142.157668,26.543764],[142.157694,26.543839],[142.157745,26.543844],[142.157837,26.543887],[142.157956,26.544029],[142.157966,26.544142],[142.158044,26.544164],[142.158088,26.544255],[142.158069,26.544445],[142.158053,26.5445],[142.158026,26.544512],[142.15795,26.54456],[142.157956,26.54461],[142.157887,26.544734],[142.157762,26.544782],[142.15778,26.544915],[142.157736,26.544997],[142.157668,26.54506],[142.157661,26.545095],[142.157674,26.54514],[142.157758,26.545227],[142.15778,26.545315],[142.157771,26.545397],[142.157831,26.545488],[142.15784,26.545567],[142.157909,26.545648],[142.157975,26.545634],[142.158047,26.545643],[142.158085,26.545674],[142.158134,26.545787],[142.158131,26.545818],[142.158075,26.545885],[142.158083,26.545913],[142.158077,26.546101],[142.157998,26.546135],[142.157935,26.546258],[142.157957,26.546355],[142.157957,26.546521],[142.157902,26.546607],[142.157931,26.546751],[142.157911,26.546793],[142.157855,26.54684],[142.157852,26.546874],[142.157887,26.546906],[142.15799,26.546872],[142.158197,26.54689],[142.158217,26.546853],[142.158255,26.546835],[142.158368,26.546832],[142.158517,26.546914],[142.1584907,26.546717],[142.1587079,26.5466744],[142.1587241,26.5469432],[142.1590329,26.5469834],[142.158981,26.546819],[142.1591292,26.5466264],[142.1592382,26.5467742],[142.1594542,26.5466803],[142.1593337,26.5468844],[142.159477,26.54698],[142.159547,26.547059],[142.1595357,26.5471408],[142.1595638,26.547253],[142.1596566,26.5472708],[142.1597849,26.5472973],[142.1598296,26.5473657],[142.1599447,26.5474327],[142.1600242,26.5474726],[142.160185,26.54737],[142.160226,26.547411],[142.160226,26.547472],[142.160308,26.547469],[142.16036,26.54749],[142.160503,26.547598],[142.160503,26.547686],[142.160597,26.547736],[142.160696,26.547859],[142.16071,26.547946],[142.160773,26.547954],[142.160815,26.547983],[142.160914,26.548099],[142.16092,26.548141],[142.1609,26.548199],[142.160983,26.548298],[142.16099,26.548388],[142.160935,26.54855],[142.16086,26.548576],[142.160906,26.548688],[142.160904,26.548769],[142.160874,26.548832],[142.160935,26.548931],[142.161099,26.549034],[142.161116,26.549146],[142.161111,26.549213],[142.161003,26.549318],[142.161038,26.54942],[142.161038,26.549543],[142.16102,26.549588],[142.160948,26.549627],[142.160965,26.549746],[142.160948,26.549794],[142.160863,26.549851],[142.16086,26.550006],[142.160874,26.550027],[142.160985,26.550071],[142.161009,26.550105],[142.16102,26.550239],[142.161047,26.550289],[142.161061,26.550407],[142.160985,26.550483],[142.160968,26.550567],[142.160933,26.550629],[142.160863,26.550682],[142.160793,26.550698],[142.16072,26.550688],[142.160743,26.550819],[142.160668,26.550927],[142.160629,26.55095],[142.160495,26.550971],[142.160516,26.551032],[142.160513,26.551131],[142.160414,26.551218],[142.160411,26.551354],[142.160471,26.551388],[142.160542,26.551288],[142.160603,26.551246],[142.160697,26.551231],[142.160761,26.551199],[142.160875,26.551193],[142.160909,26.551168],[142.161084,26.551142],[142.161123,26.551163],[142.161163,26.551252],[142.161163,26.551448],[142.161134,26.551488],[142.161152,26.551587],[142.161041,26.551709],[142.161003,26.551725],[142.160933,26.551712],[142.160921,26.551728],[142.160948,26.551785],[142.160953,26.551853],[142.160889,26.551934],[142.160886,26.551966],[142.160939,26.552055],[142.160907,26.552187],[142.160831,26.552284],[142.160872,26.552342],[142.160819,26.552484],[142.160819,26.552517],[142.160901,26.552622],[142.160895,26.552742],[142.160869,26.552785],[142.160729,26.552832],[142.160659,26.552922],[142.160609,26.552953],[142.160495,26.552924],[142.160446,26.553021],[142.160382,26.553053],[142.160239,26.55306],[142.160186,26.553024],[142.160087,26.553005],[142.159979,26.553131],[142.160008,26.553259],[142.159935,26.553402],[142.160011,26.553449],[142.160087,26.553447],[142.160318,26.553538],[142.160388,26.553638],[142.160446,26.553628],[142.160475,26.553646],[142.160586,26.553769],[142.160594,26.553863],[142.160554,26.553918],[142.160568,26.554025],[142.160598,26.554077],[142.160574,26.554221],[142.160437,26.554334],[142.160338,26.55446],[142.160288,26.554496],[142.160291,26.554603],[142.160256,26.554674],[142.160215,26.554703],[142.160169,26.554703],[142.160122,26.554605],[142.160061,26.554595],[142.159921,26.55449],[142.159842,26.554493],[142.159749,26.554559],[142.159676,26.554564],[142.159539,26.554504],[142.159478,26.554399],[142.159349,26.554389],[142.159305,26.554368],[142.15917,26.554389],[142.15911,26.554368],[142.159075,26.554375],[142.159045,26.554411],[142.159065,26.554576],[142.15901,26.554655],[142.15904,26.55475],[142.159034,26.554811],[142.15896,26.554894],[142.15896,26.554921],[142.159104,26.554999],[142.159128,26.555109],[142.159163,26.555141],[142.159174,26.55518],[142.159171,26.555259],[142.159113,26.555332],[142.159107,26.555466],[142.159023,26.555563],[142.159066,26.555662],[142.159066,26.555775],[142.159014,26.555853],[142.159113,26.555954],[142.159124,26.556051],[142.159241,26.556122],[142.159276,26.556203],[142.159256,26.556295],[142.159276,26.556436],[142.159352,26.556435],[142.159469,26.556495],[142.159594,26.556645],[142.159614,26.556694],[142.159603,26.556722]]],[[[142.155393,26.541774],[142.155346,26.54181],[142.155296,26.541898],[142.155246,26.541926],[142.155183,26.541932],[142.155139,26.541902],[142.154961,26.541757],[142.154932,26.541692],[142.154929,26.541635],[142.154876,26.541599],[142.154804,26.541475],[142.15481,26.541384],[142.154779,26.541345],[142.154688,26.541325],[142.154559,26.541215],[142.154549,26.541161],[142.154571,26.541094],[142.154546,26.541057],[142.154524,26.540924],[142.154465,26.540876],[142.154415,26.540784],[142.154424,26.540708],[142.154462,26.540663],[142.154437,26.540592],[142.154358,26.540525],[142.154333,26.540469],[142.15434,26.540356],[142.154296,26.540274],[142.154293,26.540206],[142.154318,26.540161],[142.154431,26.540119],[142.154484,26.54004],[142.1545,26.539916],[142.154584,26.53987],[142.154697,26.539868],[142.154763,26.539772],[142.154939,26.539698],[142.155039,26.539743],[142.155174,26.539712],[142.155299,26.539735],[142.155387,26.53978],[142.155488,26.53978],[142.155563,26.539822],[142.155585,26.539856],[142.155575,26.539949],[142.155619,26.540085],[142.155707,26.540169],[142.155764,26.540268],[142.15572,26.540358],[142.155745,26.540404],[142.155814,26.540432],[142.155854,26.540539],[142.155858,26.54072],[142.155795,26.54081],[142.155792,26.540996],[142.155817,26.541069],[142.155808,26.541131],[142.155745,26.541212],[142.155738,26.541246],[142.15576,26.541359],[142.155694,26.541472],[142.155616,26.541511],[142.155591,26.54161],[142.155484,26.541748],[142.155393,26.541774]]],[[[142.1324501,26.6101501],[142.1324339,26.6100771],[142.1323785,26.6100181],[142.132337,26.609951],[142.132292,26.609895],[142.132251,26.609712],[142.132285,26.609601],[142.132192,26.609532],[142.132161,26.60943],[142.13212,26.609411],[142.132075,26.609455],[142.13203,26.609585],[142.132078,26.609709],[142.132075,26.609759],[142.132016,26.609911],[142.13202,26.610007],[142.132051,26.610124],[142.13212,26.610239],[142.132127,26.61031],[142.132096,26.6104],[142.132016,26.610509],[142.131968,26.610543],[142.131789,26.610546],[142.131595,26.610609],[142.131513,26.610606],[142.131426,26.610569],[142.131329,26.610616],[142.131257,26.610628],[142.13113,26.610591],[142.130985,26.610637],[142.130864,26.610702],[142.130771,26.610702],[142.130687,26.610671],[142.130591,26.610603],[142.130512,26.610633],[142.130419,26.610626],[142.130364,26.610595],[142.130305,26.61049],[142.130071,26.610448],[142.130001,26.610411],[142.130012,26.610256],[142.129936,26.61011],[142.12995,26.61007],[142.130014,26.610011],[142.130019,26.609945],[142.129905,26.609819],[142.129887,26.60967],[142.129919,26.609589],[142.129857,26.609537],[142.129826,26.609481],[142.129829,26.609329],[142.129891,26.609273],[142.129839,26.609221],[142.129836,26.609171],[142.129864,26.609084],[142.129933,26.609016],[142.129877,26.608998],[142.129853,26.60896],[142.129808,26.60879],[142.129815,26.608703],[142.12975,26.608678],[142.129691,26.608749],[142.129619,26.608781],[142.129481,26.608805],[142.129446,26.608836],[142.129352,26.609059],[142.129357,26.609165],[142.129322,26.60923],[142.12925,26.609283],[142.129142,26.609218],[142.129105,26.609162],[142.129097,26.60905],[142.128952,26.609016],[142.12887,26.608945],[142.128805,26.609004],[142.128746,26.609007],[142.128615,26.609056],[142.128494,26.609019],[142.128487,26.609069],[142.128452,26.609109],[142.128391,26.609137],[142.128232,26.609156],[142.128211,26.609183],[142.128229,26.609323],[142.12817,26.609434],[142.128166,26.609475],[142.128229,26.609538],[142.128246,26.609604],[142.128194,26.609786],[142.128322,26.609808],[142.128384,26.609907],[142.128384,26.609966],[142.128494,26.610136],[142.128497,26.610205],[142.128407,26.610273],[142.128352,26.610442],[142.128322,26.610476],[142.128242,26.610498],[142.128056,26.610426],[142.127997,26.610451],[142.127884,26.610448],[142.127827,26.610429],[142.127742,26.610355],[142.127687,26.610417],[142.127479,26.610423],[142.127421,26.610408],[142.127342,26.610339],[142.127221,26.610368],[142.127076,26.610327],[142.12698,26.610225],[142.126635,26.610194],[142.126561,26.610163],[142.126482,26.610076],[142.126296,26.610022],[142.126224,26.609972],[142.1262,26.609935],[142.12611,26.609941],[142.126034,26.609907],[142.125892,26.609786],[142.125869,26.60973],[142.125879,26.609631],[142.12582,26.60963],[142.125757,26.609521],[142.125768,26.609478],[142.12584,26.609409],[142.125806,26.609227],[142.125824,26.609146],[142.125875,26.609056],[142.125971,26.608991],[142.126034,26.608991],[142.126127,26.609022],[142.126206,26.608948],[142.126269,26.608923],[142.12633,26.608936],[142.126427,26.608991],[142.126514,26.608948],[142.126531,26.60892],[142.126555,26.608691],[142.12653,26.608669],[142.126472,26.608629],[142.126447,26.608474],[142.126476,26.608393],[142.126431,26.608362],[142.126396,26.608303],[142.126372,26.608188],[142.126416,26.60808],[142.12634,26.607978],[142.126327,26.607807],[142.126359,26.607745],[142.126282,26.607761],[142.126227,26.607733],[142.126182,26.607692],[142.126169,26.607578],[142.126024,26.60755],[142.125896,26.607457],[142.125816,26.607351],[142.125747,26.607364],[142.125678,26.607345],[142.125627,26.607317],[142.125544,26.607215],[142.125513,26.607215],[142.125458,26.607261],[142.125388,26.607271],[142.125275,26.607212],[142.125223,26.607209],[142.125157,26.607246],[142.125133,26.607286],[142.125113,26.607441],[142.125088,26.6075],[142.125047,26.607516],[142.124902,26.607495],[142.124788,26.607538],[142.124719,26.607538],[142.124674,26.60752],[142.124588,26.607414],[142.124533,26.607411],[142.124412,26.607458],[142.124347,26.607455],[142.124216,26.607399],[142.124105,26.607419],[142.12404,26.607404],[142.123929,26.607357],[142.123867,26.607276],[142.123729,26.607304],[142.123639,26.607295],[142.123574,26.60727],[142.123412,26.607134],[142.123402,26.607078],[142.123546,26.606833],[142.123708,26.606765],[142.123784,26.606678],[142.123971,26.606654],[142.124053,26.606602],[142.124157,26.606592],[142.124198,26.606571],[142.124188,26.606475],[142.12415,26.606416],[142.12414,26.606347],[142.124171,26.606208],[142.124105,26.606186],[142.124074,26.606155],[142.124053,26.605982],[142.123953,26.605954],[142.123881,26.605845],[142.12375,26.605783],[142.123715,26.605731],[142.123698,26.605656],[142.123708,26.605505],[142.123602,26.60538],[142.123584,26.605263],[142.123522,26.605232],[142.123481,26.605173],[142.123447,26.605108],[142.123436,26.604984],[142.1233316,26.604859],[142.1231947,26.6049147],[142.1229853,26.6049289],[142.1228763,26.6047787],[142.122764,26.604443],[142.122668,26.604291],[142.122668,26.604241],[142.122737,26.604198],[142.12274,26.604161],[142.122716,26.60413],[142.122709,26.603993],[142.122789,26.603962],[142.122806,26.603919],[142.122713,26.603785],[142.122713,26.603727],[142.122826,26.603545],[142.122976,26.603502],[142.12303,26.60357],[142.123096,26.603517],[142.123154,26.603517],[142.123261,26.603536],[142.123327,26.603579],[142.123496,26.603576],[142.123603,26.603663],[142.123729,26.603707],[142.123812,26.60379],[142.123885,26.603775],[142.12395,26.603787],[142.124037,26.603824],[142.124115,26.603927],[142.124288,26.603942],[142.124492,26.603733],[142.124647,26.603714],[142.124702,26.603736],[142.124861,26.603671],[142.12495,26.60359],[142.125092,26.603563],[142.125123,26.603328],[142.12504,26.603226],[142.12505,26.603093],[142.125016,26.603006],[142.125043,26.602848],[142.125123,26.602811],[142.125199,26.602798],[142.125275,26.602903],[142.125357,26.602944],[142.125382,26.602813],[142.125554,26.602714],[142.125578,26.602658],[142.12562,26.602618],[142.125675,26.602612],[142.125761,26.602649],[142.12591,26.602615],[142.126051,26.602606],[142.126034,26.602531],[142.125913,26.602565],[142.125844,26.602562],[142.125796,26.602531],[142.125699,26.602426],[142.125692,26.602376],[142.125716,26.602348],[142.125961,26.602258],[142.126027,26.602271],[142.126141,26.602348],[142.126334,26.602358],[142.126372,26.602258],[142.126406,26.602228],[142.126375,26.602154],[142.126382,26.602046],[142.126455,26.601956],[142.126413,26.601866],[142.12641,26.601807],[142.126427,26.601745],[142.126513,26.601655],[142.126499,26.601559],[142.126544,26.601451],[142.126637,26.601401],[142.126589,26.601305],[142.126582,26.601237],[142.126586,26.601194],[142.126648,26.601122],[142.126541,26.601119],[142.126458,26.601085],[142.126396,26.600995],[142.126296,26.601017],[142.126244,26.601011],[142.126117,26.600946],[142.125985,26.601042],[142.125923,26.601228],[142.125892,26.601256],[142.125816,26.601249],[142.125796,26.601032],[142.125627,26.600933],[142.125589,26.600815],[142.125502,26.600749],[142.125499,26.600609],[142.125423,26.600522],[142.125409,26.60047],[142.125433,26.600404],[142.125468,26.60038],[142.125633,26.60038],[142.125816,26.600284],[142.12582,26.600241],[142.125944,26.600148],[142.125999,26.600132],[142.126076,26.600144],[142.126103,26.600113],[142.126182,26.600086],[142.126317,26.60007],[142.126389,26.600141],[142.126544,26.600238],[142.126565,26.600284],[142.126565,26.600324],[142.126544,26.600355],[142.126593,26.600464],[142.12672,26.600489],[142.126768,26.600532],[142.127,26.600504],[142.127053,26.600513],[142.127198,26.600366],[142.127361,26.600067],[142.12743,26.599892],[142.1274203,26.5996283],[142.1273607,26.599477],[142.1272135,26.5992576],[142.1272142,26.5991226],[142.1271382,26.5990913],[142.12702,26.599077],[142.126889,26.599089],[142.126851,26.599056],[142.126807,26.598975],[142.126727,26.598997],[142.126637,26.598997],[142.126558,26.598972],[142.1264537,26.5989806],[142.1262497,26.5989785],[142.1261348,26.5988895],[142.1260605,26.5987986],[142.1258984,26.5988432],[142.1257954,26.5987656],[142.1257417,26.5986959],[142.1256431,26.5986526],[142.1256496,26.5985403],[142.125675,26.598431],[142.125779,26.598341],[142.12572,26.598282],[142.125703,26.598223],[142.125737,26.598121],[142.125666,26.598081],[142.125631,26.598034],[142.125597,26.597888],[142.125628,26.597798],[142.125593,26.59778],[142.125562,26.59773],[142.1255399,26.5976743],[142.125514,26.597609],[142.125559,26.597529],[142.125504,26.597483],[142.125431,26.597346],[142.125448,26.597234],[142.1254,26.597129],[142.125335,26.597061],[142.125328,26.597008],[142.125362,26.596909],[142.125293,26.596816],[142.125297,26.59667],[142.125383,26.59655],[142.125379,26.59651],[142.125293,26.596383],[142.125293,26.596253],[142.125183,26.596237],[142.125066,26.596154],[142.125055,26.596122],[142.125069,26.596036],[142.125166,26.59598],[142.125076,26.595902],[142.125076,26.595847],[142.1251,26.595788],[142.125145,26.595766],[142.125259,26.595595],[142.125317,26.595577],[142.125386,26.595589],[142.125493,26.59562],[142.125549,26.595667],[142.125614,26.595633],[142.125676,26.595645],[142.12579,26.595716],[142.125824,26.595809],[142.125997,26.595853],[142.126087,26.595893],[142.126149,26.595943],[142.126332,26.595902],[142.126452,26.595915],[142.126507,26.59594],[142.126538,26.595893],[142.126586,26.595868],[142.126655,26.59571],[142.126724,26.595707],[142.126807,26.595716],[142.126858,26.595744],[142.12701,26.595892],[142.127124,26.595919],[142.127158,26.59595],[142.127189,26.596112],[142.127245,26.59617],[142.127258,26.596211],[142.127258,26.596273],[142.127238,26.596338],[142.1272051,26.5963631],[142.127124,26.596425],[142.127189,26.596522],[142.127213,26.596634],[142.127303,26.596665],[142.1274,26.596727],[142.127407,26.596876],[142.127462,26.596909],[142.1275,26.59698],[142.127527,26.597107],[142.127503,26.59731],[142.127476,26.597373],[142.1273717,26.5974458],[142.127317,26.597484],[142.127217,26.597703],[142.1272907,26.5978077],[142.127467,26.598058],[142.1275297,26.598114],[142.12758,26.598159],[142.127844,26.598222],[142.127963,26.59821],[142.128183,26.598103],[142.128155,26.598007],[142.128166,26.597946],[142.128252,26.597875],[142.128392,26.597851],[142.128389,26.59778],[142.12841,26.597732],[142.12846,26.597681],[142.1286,26.597613],[142.128556,26.59753],[142.128556,26.597456],[142.12857,26.597417],[142.12866,26.597351],[142.128642,26.597325],[142.128642,26.597274],[142.128671,26.597158],[142.1287,26.597113],[142.128786,26.59709],[142.128786,26.597061],[142.128671,26.597007],[142.128654,26.596946],[142.128667,26.596849],[142.128707,26.596798],[142.128625,26.596766],[142.128581,26.59673],[142.128545,26.596653],[142.128549,26.596512],[142.128646,26.596441],[142.12856,26.596407],[142.12852,26.596369],[142.128506,26.596304],[142.12852,26.596256],[142.128585,26.596201],[142.128564,26.596153],[142.128556,26.596024],[142.128617,26.595922],[142.128664,26.595893],[142.128631,26.595854],[142.128635,26.595812],[142.128685,26.595706],[142.128724,26.595687],[142.128835,26.595677],[142.128835,26.595626],[142.128896,26.595523],[142.128896,26.595501],[142.128842,26.595463],[142.12881,26.595409],[142.128804,26.595332],[142.12886,26.595239],[142.128871,26.595081],[142.128929,26.595007],[142.129019,26.594969],[142.129096,26.594956],[142.129172,26.594985],[142.129214,26.594927],[142.129361,26.594904],[142.129444,26.594962],[142.129587,26.594879],[142.129666,26.594895],[142.129745,26.594866],[142.129812,26.594866],[142.129912,26.594895],[142.130046,26.59485],[142.130106,26.594859],[142.130152,26.594898],[142.130202,26.595075],[142.130185,26.595104],[142.130059,26.595161],[142.130214,26.595223],[142.13036,26.595219],[142.130414,26.595248],[142.130482,26.595371],[142.130536,26.59538],[142.130607,26.595427],[142.130642,26.595475],[142.130675,26.595652],[142.130707,26.595674],[142.130872,26.595706],[142.130967,26.595803],[142.131017,26.595858],[142.131022,26.595903],[142.131007,26.595967],[142.130957,26.596047],[142.131022,26.596058],[142.131107,26.596139],[142.131119,26.59629],[142.131136,26.596303],[142.131176,26.596303],[142.131244,26.596241],[142.131294,26.596222],[142.131407,26.5962],[142.131509,26.596033],[142.131634,26.596004],[142.131697,26.595965],[142.13187,26.595933],[142.131927,26.595753],[142.132042,26.595708],[142.132142,26.595753],[142.132167,26.595782],[142.132209,26.595908],[142.132256,26.595917],[142.132271,26.596049],[142.132242,26.596129],[142.132142,26.596177],[142.132106,26.59638],[142.132164,26.596473],[142.132188,26.596515],[142.132196,26.596668],[142.132306,26.59677],[142.132471,26.596767],[142.132571,26.596655],[142.132628,26.596626],[142.132693,26.596623],[142.132804,26.59651],[142.132868,26.596401],[142.132918,26.596394],[142.133136,26.596474],[142.133144,26.596574],[142.133115,26.596716],[142.133144,26.59677],[142.133215,26.59678],[142.133276,26.596812],[142.133298,26.596725],[142.133333,26.59668],[142.133387,26.596677],[142.133534,26.596767],[142.13353,26.596973],[142.133598,26.596999],[142.133687,26.597089],[142.133745,26.597182],[142.133773,26.597266],[142.133741,26.597389],[142.133809,26.597479],[142.133827,26.597534],[142.133823,26.597573],[142.133787,26.597605],[142.133798,26.597646],[142.133866,26.597736],[142.133869,26.597807],[142.133776,26.597923],[142.13378,26.597955],[142.133869,26.59804],[142.133977,26.5981494],[142.1340054,26.5982953],[142.1339031,26.5983222],[142.1337911,26.5983296],[142.1338313,26.5984637],[142.133966,26.5985927],[142.1340323,26.5986965],[142.1340149,26.5988356],[142.1340137,26.5989869],[142.1341817,26.5990455],[142.1343362,26.5990152],[142.1344547,26.5989974],[142.134556,26.599005],[142.134589,26.599102],[142.1346345,26.5992268],[142.1347047,26.5993577],[142.1347402,26.5994535],[142.134836,26.599505],[142.134846,26.599608],[142.134943,26.599634],[142.135061,26.599785],[142.135061,26.59984],[142.135025,26.59993],[142.135068,26.600031],[142.135176,26.600047],[142.1351768,26.6001254],[142.1352105,26.6001975],[142.1352315,26.6002786],[142.1354051,26.6003876],[142.1354731,26.6003825],[142.1355126,26.6004549],[142.135604,26.6004731],[142.1356661,26.6006215],[142.1357241,26.6007098],[142.135747,26.6007789],[142.1357771,26.6008589],[142.1358202,26.6009447],[142.135816,26.601071],[142.1358654,26.6011403],[142.1358608,26.6012127],[142.1358922,26.6012991],[142.135869,26.6013877],[142.135809,26.601504],[142.1357625,26.6016314],[142.1356708,26.6017084],[142.135573,26.6018472],[142.135503,26.602076],[142.1353305,26.6023347],[142.1352403,26.6025878],[142.1350962,26.6030735],[142.1350583,26.6033386],[142.1348155,26.6042917],[142.1347328,26.6046034],[142.1346905,26.604959],[142.1347362,26.6050834],[142.1347364,26.6052017],[142.134703,26.605278],[142.134624,26.605419],[142.134564,26.605456],[142.1345375,26.605523],[142.1344849,26.6056326],[142.1344062,26.6058119],[142.134048,26.605976],[142.134084,26.606038],[142.134091,26.606173],[142.134016,26.606259],[142.133952,26.606288],[142.133952,26.606349],[142.133909,26.606464],[142.133859,26.606503],[142.133673,26.606528],[142.133528,26.606573],[142.133478,26.606634],[142.133466,26.606878],[142.133522,26.607183],[142.133624,26.607211],[142.133683,26.607269],[142.13371,26.607354],[142.133734,26.607565],[142.133824,26.607621],[142.13392,26.607754],[142.13391,26.607863],[142.134003,26.607959],[142.134031,26.608008],[142.134034,26.60807],[142.133996,26.60816],[142.1340829,26.6082133],[142.1341154,26.6082793],[142.134002,26.608355],[142.133817,26.608397],[142.1338218,26.6085199],[142.133668,26.6085402],[142.1335739,26.6085799],[142.1334694,26.6085826],[142.133383,26.608512],[142.133327,26.60854],[142.133151,26.608571],[142.133103,26.608568],[142.132996,26.60849],[142.132931,26.608554],[142.132861,26.608579],[142.132748,26.608579],[142.132616,26.608492],[142.132554,26.608507],[142.132496,26.608729],[142.132506,26.608788],[142.132558,26.608897],[142.132661,26.608957],[142.132693,26.609128],[142.132761,26.609227],[142.132765,26.609335],[142.132861,26.609413],[142.132903,26.609512],[142.132896,26.609568],[142.132806,26.609621],[142.132761,26.609822],[142.132827,26.609969],[142.132754,26.610106],[142.1327321,26.6102772],[142.1326046,26.6102715],[142.1324501,26.6101501]]],[[[142.149186,26.58264],[142.149348,26.582602],[142.149435,26.582605],[142.149589,26.582548],[142.14975,26.582562],[142.149773,26.582535],[142.149773,26.582467],[142.149799,26.582406],[142.149946,26.582327],[142.149994,26.582266],[142.150028,26.582168],[142.150077,26.582138],[142.150081,26.582097],[142.15004,26.582027],[142.150032,26.58197],[142.150066,26.581905],[142.150137,26.581865],[142.150303,26.581855],[142.150513,26.581773],[142.150577,26.581767],[142.150644,26.581841],[142.150749,26.58181],[142.150794,26.581817],[142.150986,26.581902],[142.151035,26.581966],[142.151103,26.581922],[142.151189,26.581912],[142.151268,26.581928],[142.151343,26.581996],[142.1514228,26.5820515],[142.1515016,26.5821064],[142.151369,26.58222],[142.151418,26.582286],[142.151396,26.582385],[142.151501,26.582462],[142.15152,26.582506],[142.151493,26.582592],[142.151505,26.582636],[142.151546,26.58267],[142.151632,26.582693],[142.151681,26.582727],[142.151723,26.582801],[142.1517,26.58294],[142.151884,26.583],[142.151959,26.583112],[142.152076,26.58318],[142.152139,26.58326],[142.152279,26.583315],[142.15232,26.583407],[142.152354,26.583431],[142.152429,26.583445],[142.152474,26.583488],[142.152527,26.5836],[142.152636,26.583606],[142.152726,26.58364],[142.152801,26.583725],[142.152955,26.583765],[142.153068,26.583842],[142.153188,26.583842],[142.153297,26.583955],[142.153436,26.584042],[142.153571,26.584102],[142.153646,26.584123],[142.153793,26.584116],[142.153883,26.58415],[142.153916,26.584173],[142.153965,26.584268],[142.15407,26.584265],[142.154164,26.584205],[142.154221,26.584193],[142.154375,26.584241],[142.154439,26.584342],[142.154495,26.584366],[142.154668,26.584345],[142.154713,26.58435],[142.154766,26.58439],[142.154822,26.584362],[142.154968,26.584335],[142.155141,26.584383],[142.155153,26.584285],[142.15519,26.584227],[142.155276,26.58411],[142.15534,26.584086],[142.155393,26.584086],[142.155427,26.584123],[142.155446,26.584183],[142.155491,26.584237],[142.155528,26.584255],[142.155611,26.584235],[142.155667,26.584163],[142.155716,26.584137],[142.155795,26.58413],[142.155911,26.584055],[142.156261,26.58412],[142.156366,26.584225],[142.156475,26.584248],[142.156629,26.584225],[142.156666,26.58419],[142.156685,26.584128],[142.15673,26.584088],[142.156796,26.584063],[142.156907,26.584055],[142.156911,26.584],[142.156956,26.58396],[142.157106,26.583922],[142.157087,26.583858],[142.157095,26.583815],[142.157234,26.583716],[142.157376,26.583686],[142.157459,26.58365],[142.157624,26.583642],[142.157673,26.58357],[142.157729,26.583535],[142.1578,26.58352],[142.157901,26.583546],[142.157954,26.583542],[142.157973,26.583441],[142.158067,26.58339],[142.158164,26.583367],[142.158476,26.58337],[142.158525,26.583387],[142.158574,26.583512],[142.158788,26.583633],[142.158807,26.583691],[142.158807,26.583782],[142.158829,26.58383],[142.15898,26.583991],[142.158991,26.584202],[142.159044,26.58429],[142.159047,26.584347],[142.159074,26.584388],[142.159315,26.584388],[142.1594,26.584408],[142.159469,26.58445],[142.159574,26.584375],[142.159672,26.584358],[142.159769,26.584415],[142.15984,26.584388],[142.159975,26.584398],[142.160062,26.584455],[142.160287,26.58443],[142.16037,26.58459],[142.160374,26.58466],[142.160359,26.58471],[142.160262,26.584771],[142.160224,26.584818],[142.160172,26.584916],[142.160257,26.585102],[142.16025,26.585175],[142.160194,26.585235],[142.160055,26.58528],[142.160044,26.58535],[142.16001,26.585417],[142.159927,26.58547],[142.159765,26.585523],[142.15966,26.585512],[142.159637,26.585582],[142.159645,26.585645],[142.159844,26.58603],[142.160052,26.586175],[142.160322,26.586413],[142.160487,26.586415],[142.160559,26.586435],[142.160612,26.586485],[142.160657,26.58646],[142.160777,26.58644],[142.160934,26.586497],[142.161005,26.586475],[142.160984,26.586406],[142.160987,26.586356],[142.161019,26.586315],[142.161124,26.586266],[142.161245,26.586252],[142.161264,26.586131],[142.161377,26.586033],[142.161352,26.585926],[142.16137,26.585843],[142.161544,26.585793],[142.161674,26.585733],[142.161712,26.58574],[142.161742,26.585775],[142.161787,26.585892],[142.161935,26.585751],[142.162033,26.58556],[142.16213,26.58558],[142.162169,26.585637],[142.162172,26.58572],[142.162215,26.585795],[142.162245,26.585946],[142.16225,26.585998],[142.162192,26.586075],[142.16222,26.586126],[142.16223,26.586195],[142.162225,26.58626],[142.162187,26.586362],[142.162223,26.586422],[142.162228,26.586497],[142.162163,26.586643],[142.162084,26.586738],[142.162044,26.586732],[142.16195,26.58666],[142.161828,26.58665],[142.161727,26.58679],[142.161795,26.586876],[142.161837,26.586965],[142.161794,26.587046],[142.161848,26.587195],[142.161795,26.587254],[142.161894,26.587354],[142.16191,26.587439],[142.16188,26.587512],[142.162015,26.587604],[142.162038,26.587684],[142.162029,26.587765],[142.162089,26.587857],[142.162082,26.587992],[142.16206,26.588016],[142.161986,26.588031],[142.161966,26.588165],[142.161937,26.588187],[142.161763,26.588233],[142.161745,26.588314],[142.161632,26.588418],[142.161579,26.588433],[142.161499,26.588426],[142.161377,26.588489],[142.161319,26.588487],[142.161104,26.588404],[142.161077,26.588374],[142.161127,26.588218],[142.160977,26.588148],[142.160945,26.58811],[142.160937,26.588031],[142.16091,26.588003],[142.160697,26.587947],[142.160564,26.588087],[142.160519,26.588117],[142.160472,26.588115],[142.16041,26.588036],[142.160315,26.587992],[142.160302,26.587854],[142.160184,26.587824],[142.16015,26.58788],[142.16005,26.587926],[142.159952,26.587926],[142.159915,26.587904],[142.159889,26.587816],[142.159757,26.587772],[142.15973,26.587739],[142.159705,26.587677],[142.159714,26.587621],[142.159562,26.587542],[142.159432,26.587502],[142.159224,26.587491],[142.158967,26.58756],[142.158777,26.587698],[142.158772,26.587824],[142.158692,26.587895],[142.158607,26.587931],[142.158579,26.587985],[142.15854,26.588011],[142.15837,26.588027],[142.15827,26.588103],[142.158207,26.588128],[142.158147,26.588129],[142.157919,26.588065],[142.157905,26.588043],[142.157906,26.587969],[142.157815,26.587899],[142.157765,26.587778],[142.157736,26.587778],[142.157659,26.587881],[142.157544,26.587913],[142.157466,26.588042],[142.157399,26.588044],[142.157263,26.587994],[142.157187,26.58802],[142.157031,26.588014],[142.156912,26.587958],[142.156718,26.587954],[142.156571,26.587892],[142.156435,26.587904],[142.156312,26.587819],[142.15623,26.587785],[142.156132,26.587687],[142.156134,26.587651],[142.15623,26.587527],[142.156228,26.587496],[142.156112,26.587402],[142.156105,26.58737],[142.156128,26.587302],[142.156023,26.587264],[142.155976,26.587168],[142.155933,26.587196],[142.155799,26.587204],[142.155719,26.587161],[142.155456,26.587209],[142.155353,26.58729],[142.155301,26.58741],[142.155319,26.587456],[142.155301,26.587551],[142.155371,26.587689],[142.155375,26.587723],[142.155355,26.587747],[142.155226,26.587798],[142.155081,26.587757],[142.155029,26.587771],[142.154888,26.587755],[142.154801,26.587779],[142.154645,26.587759],[142.154616,26.587715],[142.154621,26.587637],[142.154444,26.587577],[142.154388,26.587541],[142.154368,26.587509],[142.154357,26.587398],[142.154201,26.587352],[142.154156,26.587314],[142.154143,26.587274],[142.154161,26.587178],[142.153991,26.587171],[142.153857,26.587052],[142.153712,26.58702],[142.153678,26.586992],[142.153634,26.586924],[142.153629,26.586879],[142.153692,26.586754],[142.153696,26.586684],[142.153569,26.586636],[142.153535,26.586566],[142.15354,26.586491],[142.153395,26.586488],[142.153283,26.586401],[142.153196,26.586437],[142.15306,26.586445],[142.152979,26.586391],[142.152769,26.586373],[142.152689,26.586319],[142.152676,26.586235],[142.152531,26.585996],[142.152343,26.585747],[142.151991,26.585437],[142.151634,26.58529],[142.151339,26.585223],[142.151057,26.585217],[142.150881,26.585239],[142.150724,26.585284],[142.150753,26.585403],[142.150742,26.58544],[142.150614,26.585579],[142.150648,26.58569],[142.150629,26.585744],[142.15055,26.585802],[142.150528,26.585866],[142.150419,26.585916],[142.150381,26.586024],[142.150344,26.586048],[142.150306,26.586065],[142.150167,26.586028],[142.150111,26.586031],[142.150032,26.586075],[142.149739,26.586061],[142.149694,26.586048],[142.149611,26.585952],[142.149495,26.585982],[142.149401,26.585941],[142.149371,26.58586],[142.149311,26.585837],[142.149258,26.585789],[142.14922,26.585749],[142.149209,26.585709],[142.149213,26.585671],[142.149337,26.585574],[142.1492339,26.585407],[142.1490112,26.5855518],[142.149055,26.585197],[142.148954,26.585126],[142.148924,26.585076],[142.148946,26.584944],[142.148931,26.584917],[142.1487136,26.5849625],[142.1485435,26.5849562],[142.148676,26.584792],[142.148687,26.584738],[142.148774,26.584645],[142.148774,26.584625],[142.148721,26.584581],[142.148691,26.584456],[142.148695,26.584391],[142.14877,26.584298],[142.148683,26.584284],[142.148657,26.58424],[142.148653,26.584101],[142.148717,26.583986],[142.148713,26.583943],[142.148506,26.583815],[142.148529,26.583716],[142.148431,26.583696],[142.148353,26.583648],[142.148334,26.583618],[142.148334,26.58348],[142.148289,26.58348],[142.14825,26.583456],[142.148194,26.583412],[142.148165,26.583358],[142.148175,26.583233],[142.148025,26.583162],[142.147916,26.58303],[142.147815,26.58304],[142.147672,26.582975],[142.147405,26.582985],[142.147337,26.582935],[142.147318,26.582885],[142.147352,26.582793],[142.147322,26.582742],[142.147176,26.582671],[142.147123,26.58262],[142.147105,26.58257],[142.147146,26.582482],[142.147123,26.582381],[142.147176,26.582327],[142.147318,26.582242],[142.14745,26.58222],[142.147446,26.582075],[142.147476,26.582032],[142.147608,26.582008],[142.147645,26.582032],[142.147695,26.582173],[142.147803,26.582136],[142.147927,26.58213],[142.147998,26.582146],[142.148047,26.582197],[142.148213,26.582227],[142.148318,26.582332],[142.148499,26.582345],[142.148641,26.582396],[142.148713,26.58248],[142.14884,26.582505],[142.148886,26.582538],[142.148954,26.58264],[142.149186,26.58264]]],[[[142.16308,26.588718],[142.163113,26.588686],[142.163209,26.588681],[142.16333,26.588642],[142.163445,26.588669],[142.163494,26.588651],[142.163481,26.588594],[142.163524,26.588461],[142.163505,26.588348],[142.163516,26.588306],[142.163552,26.588257],[142.163626,26.588213],[142.163639,26.588119],[142.163724,26.587947],[142.163771,26.587912],[142.163812,26.587919],[142.163848,26.587942],[142.163924,26.588057],[142.163924,26.588158],[142.163993,26.588222],[142.164007,26.588259],[142.163968,26.588373],[142.163848,26.588409],[142.163798,26.588555],[142.164015,26.588727],[142.164026,26.588784],[142.163993,26.588925],[142.163897,26.588967],[142.163848,26.5891],[142.163798,26.589137],[142.163785,26.589176],[142.163697,26.589198],[142.163651,26.589309],[142.163607,26.589329],[142.163557,26.589326],[142.163467,26.589272],[142.163407,26.58927],[142.163289,26.589319],[142.163059,26.589272],[142.162993,26.589174],[142.163056,26.589078],[142.163045,26.589051],[142.162996,26.589019],[142.162963,26.58894],[142.162975,26.5889],[142.16303,26.588841],[142.16308,26.588718]]],[[[142.162807,26.590058],[142.162708,26.590037],[142.16262,26.589978],[142.16252,26.589949],[142.162489,26.589884],[142.162505,26.589844],[142.162559,26.589815],[142.162618,26.5897],[142.162694,26.589698],[142.162849,26.58977],[142.162861,26.589827],[142.162828,26.589918],[142.162838,26.589994],[142.162832,26.590035],[142.162807,26.590058]]],[[[142.162646,26.59041],[142.1626,26.590436],[142.162545,26.590439],[142.162505,26.590419],[142.162415,26.590321],[142.162417,26.590216],[142.162373,26.59015],[142.162369,26.590059],[142.162449,26.590023],[142.162579,26.590076],[142.162681,26.590094],[142.162757,26.590245],[142.162686,26.590329],[142.162646,26.59041]]],[[[142.164218,26.591582],[142.16445,26.591288],[142.164507,26.591187],[142.164563,26.591018],[142.164569,26.590617],[142.164619,26.590363],[142.164503,26.590272],[142.164464,26.590215],[142.164451,26.590164],[142.164477,26.590092],[142.164363,26.589973],[142.164348,26.589871],[142.16437,26.589822],[142.164446,26.589745],[142.164448,26.58968],[142.164479,26.589635],[142.164557,26.589576],[142.164566,26.589451],[142.164611,26.58935],[142.164668,26.589338],[142.164805,26.589367],[142.164877,26.589285],[142.164875,26.58917],[142.164903,26.589018],[142.164916,26.588969],[142.164988,26.588884],[142.16499,26.588773],[142.165018,26.588728],[142.165151,26.588713],[142.16519,26.588738],[142.165269,26.588849],[142.165293,26.588928],[142.165388,26.589006],[142.165421,26.589092],[142.165495,26.589168],[142.165512,26.589309],[142.165578,26.589354],[142.165641,26.589491],[142.165634,26.589581],[142.165578,26.589656],[142.165576,26.589689],[142.165595,26.589738],[142.165671,26.589807],[142.165717,26.589893],[142.165676,26.590077],[142.165586,26.590176],[142.165634,26.590311],[142.165828,26.590176],[142.165856,26.59007],[142.165908,26.590041],[142.166006,26.590041],[142.166124,26.590182],[142.166137,26.590338],[142.166228,26.590418],[142.166241,26.590449],[142.166263,26.590569],[142.166243,26.590628],[142.166341,26.590747],[142.166341,26.590983],[142.166309,26.591032],[142.166256,26.591054],[142.166189,26.59105],[142.166076,26.590978],[142.165945,26.590991],[142.165813,26.590909],[142.165641,26.590899],[142.165578,26.590866],[142.165478,26.590854],[142.165362,26.590803],[142.165325,26.590803],[142.165319,26.590827],[142.165349,26.590907],[142.165386,26.590915],[142.165573,26.591042],[142.165599,26.591158],[142.165663,26.591213],[142.165684,26.591266],[142.165693,26.591344],[142.165676,26.591401],[142.165558,26.591528],[142.165576,26.591593],[142.165532,26.591752],[142.165458,26.591808],[142.165432,26.591957],[142.165395,26.592001],[142.165312,26.592046],[142.165301,26.592251],[142.165273,26.592293],[142.16521,26.592328],[142.165088,26.59245],[142.164931,26.592522],[142.164886,26.592651],[142.164814,26.592701],[142.164733,26.592727],[142.164686,26.592793],[142.164614,26.592846],[142.164491,26.592836],[142.164466,26.592825],[142.16444,26.592733],[142.164405,26.592715],[142.164359,26.592726],[142.164309,26.592783],[142.1642,26.592826],[142.164133,26.592898],[142.164076,26.592923],[142.163991,26.592925],[142.163856,26.592871],[142.163737,26.592936],[142.163687,26.592926],[142.163606,26.59285],[142.163552,26.592831],[142.163502,26.592836],[142.163449,26.592798],[142.163376,26.592668],[142.163419,26.592561],[142.163276,26.592516],[142.163236,26.592475],[142.163239,26.592413],[142.163282,26.592368],[142.163386,26.592306],[142.163482,26.592193],[142.163589,26.592121],[142.163591,26.592098],[142.163541,26.59206],[142.163498,26.591996],[142.163476,26.591928],[142.163478,26.59188],[142.16353,26.591801],[142.163399,26.591713],[142.163399,26.591666],[142.163423,26.591631],[142.163624,26.591615],[142.163683,26.591518],[142.163748,26.5915],[142.163913,26.591532],[142.164013,26.591505],[142.164115,26.591538],[142.16417,26.591535],[142.164218,26.591582]]],[[[142.165585,26.592355],[142.165606,26.592273],[142.165676,26.592228],[142.16567,26.592131],[142.165765,26.592062],[142.165823,26.59197],[142.165926,26.591951],[142.166011,26.591876],[142.166118,26.591871],[142.166147,26.591886],[142.16619,26.592091],[142.166143,26.592181],[142.166178,26.592296],[142.166161,26.592336],[142.16601,26.592463],[142.165738,26.592493],[142.165629,26.592416],[142.165585,26.592355]]],[[[142.166546,26.594103],[142.166619,26.594023],[142.166615,26.59398],[142.166609,26.593921],[142.166683,26.593831],[142.166717,26.5938238],[142.166768,26.593813],[142.16685,26.593733],[142.16691,26.593708],[142.166985,26.593705],[142.167014,26.593731],[142.167033,26.593788],[142.167007,26.593871],[142.16706,26.59397],[142.167036,26.594083],[142.167087,26.594218],[142.167058,26.594266],[142.167021,26.594288],[142.166887,26.594278],[142.166823,26.594313],[142.166777,26.594311],[142.166701,26.594263],[142.1666161,26.5942308],[142.166577,26.594216],[142.166551,26.594188],[142.1665492,26.5941572],[142.166546,26.594103]]],[[[142.1679,26.593225],[142.168145,26.593262],[142.168211,26.593326],[142.168223,26.59341],[142.16827,26.593492],[142.168273,26.593571],[142.168321,26.593708],[142.168321,26.593762],[142.168372,26.59383],[142.168405,26.593696],[142.168372,26.593556],[142.168405,26.593453],[142.168417,26.593311],[142.168458,26.593276],[142.168515,26.593275],[142.168816,26.59346],[142.168837,26.593481],[142.168843,26.593553],[142.168897,26.593545],[142.16893,26.593558],[142.169028,26.593666],[142.169037,26.593781],[142.169016,26.593835],[142.168953,26.593893],[142.169028,26.593983],[142.169028,26.59406],[142.169016,26.594125],[142.168983,26.594161],[142.16898,26.594358],[142.168938,26.594436],[142.169022,26.594523],[142.169079,26.594783],[142.169144,26.59487],[142.16907,26.594985],[142.169121,26.595071],[142.16913,26.595125],[142.169076,26.59527],[142.168957,26.595306],[142.16898,26.595381],[142.168953,26.595431],[142.168801,26.595518],[142.168718,26.595625],[142.168655,26.595643],[142.168527,26.595613],[142.168312,26.595676],[142.168184,26.595606],[142.168079,26.595606],[142.167975,26.595523],[142.167957,26.595493],[142.16799,26.59537],[142.167939,26.595353],[142.167918,26.595311],[142.1679,26.595101],[142.167754,26.594968],[142.167745,26.594828],[142.167641,26.59479],[142.167587,26.59472],[142.167572,26.594633],[142.167605,26.59453],[142.167492,26.59442],[142.16748,26.59428],[142.167515,26.5942],[142.167378,26.594063],[142.167369,26.59402],[142.167366,26.593861],[142.167393,26.593823],[142.167459,26.593791],[142.167498,26.593712],[142.167537,26.593676],[142.167632,26.593641],[142.167608,26.593468],[142.167644,26.593381],[142.167692,26.593348],[142.167748,26.593213],[142.167796,26.593192],[142.167841,26.593196],[142.1679,26.593225]]],[[[142.1757217,26.5975568],[142.1756659,26.5976515],[142.1755502,26.5977287],[142.1754334,26.5977474],[142.1754112,26.5977334],[142.1753993,26.5976663],[142.1754134,26.5976411],[142.1754635,26.5975519],[142.1755318,26.5975177],[142.1755256,26.597475],[142.1755509,26.5974293],[142.1755885,26.5973976],[142.175634,26.5973591],[142.175661,26.5973425],[142.1757096,26.5973466],[142.175804,26.5974125],[142.1758096,26.5974674],[142.1757912,26.5975187],[142.1757217,26.5975568]]],[[[142.174909,26.599553],[142.174866,26.599541],[142.1747409,26.5996292],[142.1747319,26.5995001],[142.1747259,26.5993871],[142.174803,26.599263],[142.1747849,26.5990805],[142.1748784,26.5989669],[142.1750472,26.5988507],[142.1751447,26.5989399],[142.175182,26.599046],[142.175182,26.59908],[142.175128,26.599274],[142.175015,26.599374],[142.174971,26.599528],[142.174909,26.599553]]],[[[142.176358,26.600949],[142.176313,26.600945],[142.176073,26.60084],[142.176043,26.600787],[142.176086,26.600721],[142.176058,26.600678],[142.176045,26.600648],[142.176056,26.600586],[142.176156,26.600503],[142.176238,26.600389],[142.176322,26.600372],[142.1764681,26.6001021],[142.1766409,26.6000956],[142.1766654,26.6001906],[142.1765406,26.6003523],[142.176493,26.600517],[142.176431,26.600613],[142.176506,26.600758],[142.176388,26.600932],[142.176358,26.600949]]],[[[142.175468,26.600441],[142.175389,26.600404],[142.175259,26.600457],[142.175208,26.60046],[142.175089,26.600393],[142.17503,26.600317],[142.174873,26.600212],[142.174776,26.600235],[142.174668,26.600207],[142.174611,26.600127],[142.174633,26.600072],[142.174705,26.6],[142.174757,26.599866],[142.174828,26.599807],[142.174856,26.599694],[142.174894,26.599654],[142.174948,26.599636],[142.175098,26.599654],[142.175168,26.599546],[142.175256,26.59949],[142.17529,26.599326],[142.17536,26.599266],[142.175457,26.599216],[142.175498,26.599086],[142.175538,26.599051],[142.175642,26.599035],[142.175684,26.599005],[142.175747,26.598923],[142.175778,26.598816],[142.175822,26.598751],[142.175903,26.598698],[142.176004,26.598718],[142.17604,26.598749],[142.176048,26.598823],[142.176014,26.598999],[142.175972,26.599085],[142.175926,26.599136],[142.175782,26.599186],[142.175655,26.599328],[142.175608,26.599445],[142.175536,26.599509],[142.175521,26.599545],[142.17556,26.599587],[142.175591,26.59959],[142.175716,26.599496],[142.1759429,26.5993317],[142.1759698,26.5994065],[142.175916,26.5994761],[142.175975,26.5995075],[142.1759733,26.5996191],[142.1758961,26.5997878],[142.175767,26.599968],[142.175749,26.600013],[142.17565,26.600112],[142.175569,26.600228],[142.175565,26.600358],[142.175541,26.600408],[142.175518,26.600434],[142.175468,26.600441]]],[[[142.1734733,26.6016015],[142.1733454,26.6015032],[142.1732255,26.6013838],[142.1731226,26.6010809],[142.1730182,26.6008382],[142.1730155,26.6007927],[142.1730638,26.6005984],[142.173104,26.6005073],[142.1731415,26.6004689],[142.1732354,26.6004113],[142.1733883,26.600349],[142.1734393,26.6003442],[142.1734902,26.6003514],[142.1736002,26.6004593],[142.1736968,26.6004929],[142.1738014,26.6006128],[142.1738738,26.6007999],[142.1738845,26.6009006],[142.1738014,26.6010949],[142.1738507,26.6012838],[142.1737558,26.6013395],[142.1736725,26.6015289],[142.1734733,26.6016015]]],[[[142.176293,26.601969],[142.176354,26.601901],[142.176481,26.601887],[142.176583,26.60181],[142.176646,26.601688],[142.176674,26.601673],[142.176718,26.601686],[142.176757,26.601715],[142.176784,26.60179],[142.176853,26.601859],[142.176911,26.601986],[142.176917,26.602026],[142.176851,26.602123],[142.176878,26.602179],[142.176878,26.602249],[142.176966,26.602279],[142.177,26.602319],[142.17703,26.602453],[142.177102,26.602513],[142.177157,26.602605],[142.177353,26.602575],[142.177431,26.602662],[142.177511,26.602657],[142.177535,26.60268],[142.177593,26.602821],[142.177593,26.602915],[142.177695,26.602996],[142.177728,26.603076],[142.177778,26.603056],[142.17786,26.603058],[142.17793,26.603095],[142.178035,26.603078],[142.178109,26.603118],[142.178123,26.603257],[142.178095,26.603306],[142.178128,26.603341],[142.178128,26.603503],[142.17809,26.603559],[142.178098,26.603644],[142.178084,26.60368],[142.178007,26.603739],[142.178079,26.603829],[142.178082,26.603995],[142.178137,26.604027],[142.178167,26.604077],[142.178175,26.604211],[142.178153,26.604273],[142.178211,26.604305],[142.178228,26.604345],[142.178222,26.604394],[142.178183,26.604496],[142.178098,26.604536],[142.178126,26.604608],[142.17812,26.604729],[142.178026,26.604801],[142.178057,26.604896],[142.178057,26.604968],[142.178021,26.605062],[142.177932,26.605134],[142.177844,26.605174],[142.177816,26.605263],[142.177772,26.60532],[142.177689,26.605353],[142.177692,26.605407],[142.177623,26.605494],[142.177568,26.605514],[142.177471,26.605514],[142.177369,26.605442],[142.177319,26.605464],[142.177269,26.605454],[142.177181,26.605402],[142.177123,26.605271],[142.17714,26.605196],[142.177079,26.605122],[142.177098,26.605017],[142.177134,26.60498],[142.177101,26.604945],[142.177065,26.604806],[142.177104,26.604646],[142.176974,26.604562],[142.176916,26.604493],[142.176906,26.604371],[142.176754,26.604314],[142.176732,26.604284],[142.176732,26.604242],[142.176588,26.604177],[142.176525,26.60413],[142.176497,26.604095],[142.176497,26.604026],[142.176403,26.603941],[142.176406,26.60381],[142.176475,26.603743],[142.176486,26.603619],[142.176538,26.603529],[142.176616,26.603485],[142.176635,26.603445],[142.176627,26.603388],[142.176583,26.603324],[142.176624,26.603145],[142.176594,26.603125],[142.176552,26.603145],[142.176472,26.603143],[142.176353,26.603088],[142.176238,26.603113],[142.176145,26.603089],[142.176061,26.602994],[142.175923,26.603004],[142.175865,26.602991],[142.175793,26.602904],[142.175702,26.602845],[142.175674,26.602803],[142.175674,26.60276],[142.175727,26.602641],[142.175702,26.602599],[142.175586,26.6025],[142.175542,26.602368],[142.175464,26.602274],[142.175453,26.602209],[142.175461,26.60215],[142.175536,26.602075],[142.1755,26.601988],[142.1755,26.601931],[142.175583,26.601864],[142.175683,26.601847],[142.175727,26.601753],[142.17576,26.60173],[142.175917,26.601735],[142.176003,26.601807],[142.176124,26.601844],[142.17621,26.601916],[142.176221,26.601974],[142.176243,26.601993],[142.176274,26.601993],[142.176293,26.601969]]],[[[142.19455,27.198937],[142.1944663,27.1990199],[142.1944108,27.1990801],[142.194369,27.199171],[142.1942295,27.1992804],[142.1940889,27.1994308],[142.1939925,27.1994388],[142.1939525,27.1993506],[142.1939106,27.1992344],[142.1939517,27.1991858],[142.1939897,27.1991636],[142.1940461,27.1991344],[142.1941078,27.1990909],[142.194152,27.199046],[142.194161,27.199013],[142.194219,27.198968],[142.1942599,27.1988827],[142.1943007,27.1987783],[142.1943821,27.1987534],[142.1944247,27.1987111],[142.194455,27.1986736],[142.1944782,27.1986397],[142.194497,27.198612],[142.194508,27.19857],[142.194575,27.198522],[142.194588,27.198484],[142.194561,27.198409],[142.1944728,27.1982864],[142.1943741,27.1981542],[142.1943732,27.1980496],[142.1945191,27.1979912],[142.1947071,27.1980284],[142.1948085,27.1981456],[142.1948795,27.1982968],[142.1948839,27.1984438],[142.1948507,27.1985308],[142.194778,27.198643],[142.194756,27.198678],[142.1946942,27.1987454],[142.194647,27.198883],[142.19455,27.198937]]],[[[142.192446,27.192415],[142.1924743,27.1924839],[142.1924578,27.1925731],[142.1923946,27.1926336],[142.192305,27.1926386],[142.1922385,27.1926409],[142.19216,27.192545],[142.192101,27.192452],[142.192012,27.192383],[142.1919778,27.1923077],[142.191926,27.192258],[142.1918976,27.1921802],[142.1918821,27.1921125],[142.191837,27.192011],[142.191763,27.19196],[142.191736,27.191922],[142.191733,27.19188],[142.19179,27.191825],[142.191829,27.191722],[142.1919027,27.1916711],[142.191948,27.191629],[142.191973,27.191587],[142.192044,27.191554],[142.192116,27.191475],[142.192224,27.191444],[142.192256,27.191448],[142.192286,27.191486],[142.192286,27.191539],[142.192377,27.191558],[142.192407,27.191651],[142.192456,27.191708],[142.192466,27.19177],[142.192482,27.1918136],[142.192488,27.191865],[142.192503,27.191905],[142.1925686,27.1920406],[142.1926171,27.1921241],[142.1925675,27.1921771],[142.19251,27.192196],[142.192468,27.192265],[142.192446,27.192415]]],[[[142.1961734,27.1936633],[142.1962558,27.1938525],[142.1963286,27.1939358],[142.1965576,27.1940052],[142.1967241,27.1940746],[142.196875,27.1941255],[142.197078,27.1941487],[142.1971456,27.1942181],[142.1972497,27.194232],[142.1974266,27.1942366],[142.1975411,27.1942366],[142.1975775,27.1941996],[142.1976035,27.194107],[142.1976764,27.1940607],[142.1977544,27.1940515],[142.1977961,27.1940746],[142.19777,27.1941857],[142.1977284,27.1942968],[142.1977284,27.1943662],[142.1977492,27.194468],[142.1978325,27.1945051],[142.1979678,27.1944356],[142.1980718,27.194468],[142.1982123,27.194593],[142.1982852,27.194792],[142.1984205,27.1949864],[142.1985064,27.1952841],[142.1985632,27.1954911],[142.1985462,27.1956779],[142.1985121,27.1958293],[142.1984584,27.1959661],[142.1984118,27.1960529],[142.1983585,27.1960933],[142.1983479,27.1961713],[142.1983606,27.19625],[142.198349,27.1962985],[142.1983338,27.196368],[142.1983749,27.1964087],[142.1984431,27.1964361],[142.1985385,27.1964434],[142.198604,27.1964198],[142.1986303,27.1964606],[142.198623,27.1965453],[142.1986095,27.1966962],[142.1985468,27.196872],[142.1984293,27.1967583],[142.1983242,27.1966789],[142.1981362,27.1966774],[142.198025,27.196509],[142.1980111,27.1964143],[142.1979545,27.1963209],[142.197902,27.1962137],[142.1978186,27.1960862],[142.1978006,27.19597],[142.1977987,27.1958622],[142.197831,27.1957593],[142.1978579,27.1956492],[142.1978391,27.1955439],[142.1978041,27.1955272],[142.1977261,27.1955583],[142.1975677,27.195513],[142.1974944,27.1954775],[142.1974058,27.1955131],[142.197336,27.1956037],[142.1973038,27.1956253],[142.1972876,27.195666],[142.1972634,27.1957282],[142.1972042,27.1957856],[142.1970939,27.1958406],[142.196981,27.1958765],[142.1968384,27.1959052],[142.1967604,27.1959626],[142.1966797,27.1960464],[142.1966178,27.1960512],[142.1965721,27.1959985],[142.196486,27.1959244],[142.1964402,27.19591],[142.1963918,27.1959291],[142.1963165,27.1959315],[142.1962375,27.1959125],[142.1960702,27.1959687],[142.1960297,27.1960443],[142.19599,27.196099],[142.1958923,27.1961956],[142.1957173,27.1962472],[142.1956525,27.1965757],[142.1956913,27.1968552],[142.1956358,27.1969957],[142.1954287,27.1970211],[142.1953168,27.196831],[142.1952563,27.1962821],[142.1952361,27.1962681],[142.1951973,27.1962632],[142.1951302,27.1963439],[142.1950532,27.1963292],[142.1950351,27.1962675],[142.1950888,27.196182],[142.1950897,27.196066],[142.1948587,27.1959684],[142.194704,27.195958],[142.194194,27.195978],[142.194124,27.195924],[142.194061,27.195824],[142.193972,27.195825],[142.193891,27.195791],[142.193853,27.195749],[142.193821,27.195641],[142.19379,27.195608],[142.193763,27.195457],[142.1937296,27.1953124],[142.1937199,27.1952064],[142.1937188,27.1950576],[142.1937077,27.194947],[142.1936594,27.1947883],[142.193619,27.1946724],[142.193591,27.1944815],[142.19358,27.1943835],[142.1935825,27.1941981],[142.1935623,27.1939491],[142.1935975,27.1938173],[142.1938394,27.1937044],[142.1940149,27.1935847],[142.194158,27.1934848],[142.1942257,27.1934362],[142.1944088,27.1934092],[142.1945444,27.1933395],[142.1945127,27.1930788],[142.194678,27.1930169],[142.194774,27.192962],[142.194881,27.192887],[142.194956,27.192893],[142.195001,27.192932],[142.195123,27.192922],[142.195285,27.19307],[142.195293,27.193147],[142.195332,27.193153],[142.195369,27.193195],[142.195364,27.193292],[142.195426,27.193385],[142.195414,27.193472],[142.195469,27.193487],[142.195554,27.193635],[142.195549,27.193707],[142.195599,27.193687],[142.195724,27.193695],[142.195782,27.193745],[142.195881,27.193682],[142.195966,27.193707],[142.196025,27.19362],[142.196084,27.193607],[142.1961734,27.1936633]]],[[[142.249164,27.091358],[142.249202,27.091384],[142.249227,27.09144],[142.249265,27.091485],[142.249419,27.091556],[142.249435,27.091587],[142.249419,27.091624],[142.249331,27.091697],[142.249249,27.091686],[142.249155,27.091708],[142.249129,27.091697],[142.249126,27.091652],[142.249088,27.091612],[142.249092,27.091402],[142.249114,27.091364],[142.249164,27.091358]]],[[[142.246856,27.095099],[142.2467991,27.0950487],[142.246691,27.094953],[142.246603,27.094966],[142.246548,27.094942],[142.246423,27.094938],[142.246364,27.094916],[142.246264,27.09492],[142.24621,27.094903],[142.246166,27.094863],[142.246132,27.094868],[142.246159,27.094995],[142.246119,27.095106],[142.246134,27.095131],[142.246191,27.09515],[142.24621,27.095251],[142.246355,27.095313],[142.246382,27.095356],[142.246372,27.095438],[142.246301,27.095442],[142.246181,27.095383],[142.246149,27.095324],[142.246019,27.095311],[142.24598,27.095275],[142.245889,27.095236],[142.2458694,27.0952115],[142.245833,27.095166],[142.245727,27.095146],[142.245668,27.095102],[142.245624,27.095041],[142.245573,27.095014],[142.245538,27.095096],[142.245502,27.09512],[142.245409,27.095126],[142.245318,27.095078],[142.245281,27.095076],[142.245229,27.095125],[142.245139,27.095151],[142.245166,27.095239],[142.245149,27.095393],[142.245119,27.095472],[142.2451,27.095491],[142.245004,27.095498],[142.244931,27.095432],[142.244913,27.095441],[142.244918,27.095498],[142.244889,27.09552],[142.244673,27.095419],[142.244614,27.095358],[142.24457,27.095386],[142.244511,27.095393],[142.24445,27.095397],[142.244406,27.095379],[142.244379,27.095349],[142.244374,27.095301],[142.244396,27.095206],[142.244332,27.09518],[142.244278,27.095083],[142.244242,27.09508],[142.244094,27.095133],[142.244055,27.095128],[142.243984,27.095076],[142.243977,27.095115],[142.243889,27.095194],[142.243747,27.095186],[142.243678,27.095227],[142.243612,27.095236],[142.243583,27.095225],[142.243529,27.095157],[142.243423,27.095177],[142.243323,27.095231],[142.243205,27.095233],[142.243102,27.095353],[142.242992,27.095417],[142.242938,27.095485],[142.242874,27.095507],[142.242808,27.095559],[142.242702,27.095555],[142.242653,27.09561],[142.242504,27.095629],[142.242462,27.095628],[142.242401,27.095577],[142.242342,27.09567],[142.242222,27.095756],[142.242112,27.095767],[142.242035,27.095705],[142.24193,27.095734],[142.241837,27.095714],[142.24176,27.095809],[142.241645,27.095827],[142.241605,27.095812],[142.241537,27.095724],[142.241499,27.095724],[142.241417,27.095779],[142.241344,27.095774],[142.241307,27.095827],[142.241262,27.095853],[142.24115,27.095864],[142.241105,27.095862],[142.241104,27.095766],[142.241129,27.095678],[142.241099,27.095669],[142.241037,27.095719],[142.241017,27.095809],[142.240995,27.095833],[142.240892,27.095838],[142.240815,27.095818],[142.240772,27.095739],[142.240842,27.095557],[142.240829,27.095533],[142.240719,27.095483],[142.240709,27.095445],[142.240714,27.095395],[142.240762,27.095334],[142.24085,27.095298],[142.240895,27.095229],[142.240892,27.095153],[142.240912,27.095084],[142.240942,27.095039],[142.241,27.095019],[142.240975,27.094977],[142.240979,27.09494],[142.241025,27.094808],[142.241072,27.094749],[142.241119,27.094734],[142.241142,27.094622],[142.241254,27.094543],[142.241379,27.094501],[142.241402,27.094424],[142.24144,27.094383],[142.241532,27.094369],[142.241579,27.094427],[142.241614,27.094431],[142.241684,27.094278],[142.241714,27.094251],[142.241782,27.094251],[142.241797,27.09419],[142.241874,27.094133],[142.241887,27.094089],[142.24193,27.094052],[142.24203,27.094012],[142.242052,27.093979],[142.242035,27.093863],[142.242134,27.093795],[142.242099,27.093758],[142.242097,27.093709],[142.242115,27.093628],[142.242175,27.093527],[142.24226,27.093477],[142.242342,27.093387],[142.242392,27.09338],[142.242474,27.093431],[142.242563,27.093336],[142.242702,27.093302],[142.242698,27.093194],[142.242862,27.093028],[142.242955,27.093001],[142.242955,27.092933],[142.243035,27.092804],[142.243107,27.092791],[142.243264,27.092642],[142.243408,27.092628],[142.24357,27.092459],[142.243627,27.092464],[142.243658,27.092406],[142.24385,27.09228],[142.244031,27.092261],[142.244163,27.092206],[142.244237,27.092226],[142.244276,27.092211],[142.244301,27.092179],[142.24435,27.092165],[142.244475,27.092171],[142.244519,27.092191],[142.244537,27.09222],[142.24467,27.092186],[142.244745,27.092118],[142.244931,27.091902],[142.244979,27.091793],[142.244972,27.091723],[142.244929,27.091538],[142.244876,27.091486],[142.244879,27.091428],[142.244948,27.091298],[142.245027,27.091253],[142.245091,27.091249],[142.245237,27.091091],[142.245292,27.091099],[142.245335,27.091072],[142.245359,27.091042],[142.245359,27.091008],[142.245338,27.090963],[142.245342,27.090892],[142.245318,27.090782],[142.245438,27.090666],[142.245462,27.090557],[142.245491,27.090506],[142.245591,27.0905],[142.245644,27.090401],[142.245739,27.090311],[142.245878,27.090295],[142.24605,27.090327],[142.246059,27.090359],[142.246038,27.090489],[142.246133,27.090545],[142.24615,27.090519],[142.246133,27.09045],[142.246246,27.090372],[142.246284,27.090383],[142.24632,27.090467],[142.24632,27.09053],[142.246351,27.090549],[142.246487,27.090469],[142.246552,27.090463],[142.24659,27.09048],[142.246599,27.090513],[142.246537,27.090593],[142.246592,27.090638],[142.246647,27.090648],[142.246674,27.090638],[142.246707,27.090552],[142.246745,27.090517],[142.246856,27.090483],[142.246859,27.090418],[142.24692,27.090374],[142.246952,27.090379],[142.246984,27.090505],[142.246968,27.09055],[142.246902,27.090611],[142.246934,27.090704],[142.246874,27.090794],[142.246931,27.090825],[142.247016,27.090944],[142.247011,27.090975],[142.247078,27.090968],[142.247118,27.090986],[142.247176,27.09104],[142.247256,27.091052],[142.247281,27.091097],[142.247375,27.091059],[142.247429,27.090945],[142.247495,27.090913],[142.247537,27.090902],[142.247617,27.090924],[142.247665,27.090918],[142.247756,27.090952],[142.247803,27.090887],[142.247841,27.090868],[142.247942,27.090862],[142.248014,27.090924],[142.248099,27.090941],[142.248172,27.091014],[142.248188,27.091045],[142.248178,27.091071],[142.248248,27.091085],[142.248351,27.091189],[142.248355,27.091251],[142.248405,27.09124],[142.248518,27.091319],[142.248591,27.091313],[142.248821,27.091342],[142.248865,27.091384],[142.248871,27.091426],[142.248843,27.091508],[142.248821,27.091531],[142.248758,27.091539],[142.248711,27.091601],[142.248585,27.091652],[142.248506,27.091629],[142.248474,27.09168],[142.248424,27.091692],[142.248396,27.091717],[142.248402,27.091801],[142.248333,27.091866],[142.248269,27.091877],[142.248232,27.091849],[142.248197,27.09186],[142.248163,27.09192],[142.248106,27.091968],[142.248011,27.092002],[142.247978,27.091986],[142.247939,27.092103],[142.247851,27.092148],[142.247766,27.092117],[142.247753,27.092137],[142.247721,27.09225],[142.247825,27.092357],[142.248005,27.092306],[142.248043,27.092326],[142.248024,27.092416],[142.248175,27.092427],[142.248216,27.092452],[142.248213,27.092471],[142.248279,27.092458],[142.248351,27.092538],[142.248364,27.0926],[142.248345,27.092701],[142.24843,27.092842],[142.248399,27.092932],[142.248493,27.092919],[142.248616,27.092952],[142.248616,27.093003],[142.248556,27.093051],[142.248418,27.093051],[142.248336,27.093089],[142.248226,27.093071],[142.248197,27.093125],[142.248043,27.093175],[142.247951,27.093166],[142.247954,27.093376],[142.248011,27.093453],[142.247992,27.093506],[142.248011,27.093521],[142.248128,27.093521],[142.248153,27.093554],[142.248137,27.093633],[142.248153,27.093698],[142.24809,27.093732],[142.247986,27.093648],[142.247923,27.093645],[142.247803,27.093546],[142.247696,27.093563],[142.247646,27.09354],[142.247545,27.09354],[142.247523,27.093599],[142.24745,27.093687],[142.247457,27.093721],[142.247406,27.093811],[142.247346,27.093851],[142.247283,27.093856],[142.247258,27.093896],[142.24711,27.094003],[142.247069,27.094014],[142.247088,27.094062],[142.247047,27.09411],[142.246856,27.094141],[142.246783,27.09422],[142.246612,27.094287],[142.246578,27.094365],[142.246508,27.094392],[142.24648,27.094429],[142.246489,27.094441],[142.24662,27.094439],[142.246706,27.094488],[142.246752,27.094435],[142.246856,27.094439],[142.246909,27.094428],[142.247034,27.094471],[142.247164,27.094429],[142.247252,27.094485],[142.247236,27.094575],[142.247349,27.094621],[142.247387,27.094745],[142.247473,27.094801],[142.247485,27.094936],[142.247463,27.09497],[142.247428,27.094984],[142.247211,27.094996],[142.247179,27.095049],[142.247031,27.09514],[142.246968,27.095131],[142.246905,27.095094],[142.246856,27.095099]]],[[[142.178238,27.127964],[142.178199,27.127904],[142.178204,27.12788],[142.178247,27.127854],[142.178274,27.127862],[142.178274,27.127906],[142.178257,27.127957],[142.178238,27.127964]]],[[[142.178113,27.127929],[142.178114,27.127963],[142.178087,27.127976],[142.178047,27.127956],[142.178032,27.127914],[142.178113,27.127929]]],[[[142.176964,27.129041],[142.176984,27.129111],[142.176966,27.12913],[142.176906,27.129125],[142.176893,27.129112],[142.176905,27.129079],[142.176921,27.129047],[142.176964,27.129041]]],[[[142.177692,27.129268],[142.177657,27.129236],[142.177659,27.129218],[142.17777,27.129176],[142.177799,27.129199],[142.177786,27.129227],[142.177732,27.129269],[142.177692,27.129268]]],[[[142.178049,27.129389],[142.178051,27.129368],[142.17813,27.129352],[142.178229,27.129368],[142.178229,27.129402],[142.178159,27.129409],[142.178071,27.129405],[142.178049,27.129389]]],[[[142.180975,27.127018],[142.181073,27.126971],[142.181115,27.126926],[142.181164,27.12692],[142.181256,27.126984],[142.181321,27.126937],[142.181406,27.12694],[142.181438,27.126969],[142.181484,27.126952],[142.181575,27.126867],[142.181654,27.12685],[142.181725,27.126864],[142.181784,27.126826],[142.181853,27.126826],[142.181892,27.126838],[142.181901,27.126955],[142.181941,27.126972],[142.181983,27.126966],[142.182029,27.126994],[142.182048,27.127081],[142.182074,27.127099],[142.182055,27.127197],[142.182068,27.127247],[142.182058,27.127308],[142.182012,27.127352],[142.181967,27.12736],[142.181918,27.127395],[142.181836,27.127398],[142.181784,27.127355],[142.181654,27.127393],[142.181618,27.127381],[142.181572,27.127328],[142.18151,27.127378],[142.181445,27.127381],[142.181334,27.127325],[142.18122,27.127369],[142.181096,27.127331],[142.181034,27.127337],[142.181001,27.12739],[142.180929,27.127433],[142.180636,27.127457],[142.180528,27.127492],[142.180414,27.127579],[142.180391,27.1277],[142.180336,27.127726],[142.180284,27.127793],[142.180222,27.127814],[142.180186,27.127799],[142.180055,27.127825],[142.179994,27.127787],[142.179941,27.127837],[142.179857,27.127863],[142.179756,27.127869],[142.179759,27.127924],[142.179726,27.127974],[142.179664,27.128015],[142.179648,27.128134],[142.179602,27.128172],[142.17953,27.128198],[142.179547,27.128282],[142.179524,27.128407],[142.179547,27.12843],[142.179615,27.12843],[142.179654,27.128462],[142.179658,27.128509],[142.179635,27.128582],[142.179706,27.128655],[142.179696,27.128783],[142.179749,27.12884],[142.179765,27.128904],[142.179752,27.128984],[142.179781,27.129028],[142.179781,27.129076],[142.179758,27.129124],[142.17967,27.129153],[142.179664,27.129209],[142.179621,27.12926],[142.179573,27.129286],[142.179494,27.129266],[142.179455,27.129333],[142.17938,27.129368],[142.179341,27.12937],[142.179289,27.129344],[142.17924,27.129391],[142.179165,27.129399],[142.179123,27.129397],[142.179103,27.129373],[142.179048,27.129403],[142.178738,27.129399],[142.178656,27.129341],[142.178614,27.129347],[142.178565,27.129327],[142.1785,27.129277],[142.178389,27.129259],[142.178353,27.129222],[142.178346,27.129154],[142.178265,27.129169],[142.178219,27.129158],[142.178187,27.129099],[142.178114,27.129137],[142.178059,27.129137],[142.178007,27.129093],[142.177948,27.129141],[142.177873,27.12915],[142.177815,27.129124],[142.177756,27.129147],[142.177671,27.129147],[142.177622,27.129118],[142.177466,27.129109],[142.177417,27.129066],[142.177348,27.129095],[142.17728,27.129083],[142.177238,27.129042],[142.177208,27.129063],[142.177139,27.128996],[142.177097,27.129016],[142.176947,27.128987],[142.176914,27.128902],[142.176856,27.12892],[142.176787,27.128867],[142.176859,27.128783],[142.176836,27.128748],[142.176843,27.128631],[142.176794,27.128586],[142.176768,27.128533],[142.176905,27.128338],[142.176954,27.128323],[142.176996,27.128347],[142.177012,27.128317],[142.177104,27.128262],[142.177104,27.128184],[142.177136,27.128143],[142.177195,27.128111],[142.17728,27.128116],[142.177306,27.128064],[142.177371,27.128052],[142.177463,27.128064],[142.177541,27.128044],[142.177603,27.128064],[142.177648,27.128119],[142.177701,27.128134],[142.177792,27.128111],[142.177844,27.128064],[142.177899,27.128058],[142.177988,27.128102],[142.178027,27.128055],[142.178118,27.128035],[142.178161,27.128067],[142.178278,27.128014],[142.178329,27.128029],[142.178376,27.127967],[142.178428,27.127952],[142.178487,27.127967],[142.178529,27.127958],[142.178529,27.127926],[142.178493,27.127897],[142.178444,27.127897],[142.178373,27.127865],[142.178359,27.127824],[142.178399,27.127792],[142.178464,27.127786],[142.178532,27.127815],[142.178575,27.12778],[142.178699,27.127742],[142.178728,27.127669],[142.178774,27.127634],[142.178836,27.127625],[142.178842,27.127561],[142.178956,27.127494],[142.178999,27.12741],[142.179119,27.12736],[142.179178,27.127282],[142.179286,27.127229],[142.17938,27.127124],[142.179485,27.127124],[142.179556,27.127015],[142.179668,27.126977],[142.179719,27.12698],[142.179775,27.126922],[142.179827,27.126904],[142.179935,27.126907],[142.179994,27.12686],[142.180121,27.126849],[142.180179,27.126808],[142.180284,27.126802],[142.180343,27.126822],[142.180417,27.126794],[142.180486,27.126803],[142.180564,27.126878],[142.180691,27.126856],[142.180747,27.126876],[142.180786,27.126922],[142.180926,27.126954],[142.180975,27.127018]]],[[[142.181965,27.127511],[142.18198,27.127518],[142.181974,27.127537],[142.181932,27.127558],[142.181912,27.127551],[142.181904,27.127523],[142.181965,27.127511]]],[[[142.182192,27.12713],[142.182207,27.127194],[142.182159,27.127192],[142.182151,27.127139],[142.182192,27.12713]]],[[[142.182415,27.127139],[142.182387,27.127155],[142.182334,27.127155],[142.182284,27.127111],[142.182263,27.127036],[142.182273,27.127021],[142.182299,27.127019],[142.182418,27.127114],[142.182415,27.127139]]],[[[142.182584,27.127592],[142.182511,27.127617],[142.182509,27.127644],[142.182473,27.127718],[142.182405,27.127733],[142.182382,27.127767],[142.182098,27.127781],[142.182048,27.127705],[142.182045,27.127665],[142.182096,27.127597],[142.182068,27.127574],[142.182074,27.127508],[142.182132,27.127472],[142.182096,27.127443],[142.182093,27.127413],[142.182123,27.127388],[142.1822,27.127385],[142.182293,27.127341],[142.182331,27.127351],[142.182374,27.127409],[142.182404,27.127382],[142.182473,27.127372],[142.182574,27.127391],[142.18265,27.127347],[142.182743,27.127351],[142.182774,27.127367],[142.182845,27.127314],[142.182948,27.127361],[142.182984,27.127396],[142.182991,27.127458],[142.182966,27.127542],[142.182888,27.127567],[142.182835,27.127537],[142.182671,27.127495],[142.18264,27.127506],[142.182584,27.127592]]],[[[142.183199,27.127585],[142.183224,27.127679],[142.183188,27.127706],[142.183189,27.127759],[142.183171,27.127775],[142.183115,27.127772],[142.183035,27.12771],[142.183029,27.127682],[142.18306,27.127598],[142.183161,27.127555],[142.183199,27.127585]]],[[[142.179459,27.126224],[142.179483,27.126278],[142.179511,27.126263],[142.179585,27.126271],[142.179678,27.12638],[142.179678,27.126452],[142.179686,27.126527],[142.179671,27.126604],[142.179589,27.126681],[142.179517,27.126671],[142.179441,27.126716],[142.179319,27.126727],[142.179257,27.126682],[142.179259,27.126641],[142.179291,27.126585],[142.179252,27.126536],[142.179253,27.12649],[142.179322,27.126424],[142.179274,27.126374],[142.179271,27.126322],[142.179342,27.126229],[142.179424,27.12621],[142.179459,27.126224]]],[[[142.176905,27.1269],[142.176844,27.126922],[142.176763,27.126909],[142.17672,27.126958],[142.176659,27.126993],[142.176555,27.126998],[142.176503,27.12702],[142.1764,27.126986],[142.176364,27.127031],[142.176254,27.127046],[142.176214,27.127091],[142.17616,27.127115],[142.17608,27.127111],[142.176026,27.127089],[142.176018,27.127053],[142.17612,27.12696],[142.176199,27.126944],[142.176234,27.126893],[142.176269,27.126876],[142.176361,27.126876],[142.1764,27.126807],[142.17644,27.126776],[142.176508,27.126765],[142.176543,27.126727],[142.176636,27.126705],[142.176676,27.126754],[142.176701,27.126707],[142.176763,27.126683],[142.176805,27.126681],[142.17687,27.126709],[142.17691,27.126648],[142.177066,27.126645],[142.177128,27.126556],[142.17719,27.126512],[142.177294,27.126503],[142.177332,27.126441],[142.177406,27.126426],[142.177473,27.126457],[142.177505,27.126379],[142.177548,27.126354],[142.177627,27.126343],[142.177624,27.126237],[142.177659,27.126172],[142.177706,27.126144],[142.177701,27.12609],[142.177721,27.126048],[142.177778,27.126028],[142.177897,27.126042],[142.177934,27.126006],[142.177984,27.125995],[142.178054,27.126006],[142.178158,27.125924],[142.178282,27.125926],[142.178314,27.125942],[142.178354,27.125891],[142.178406,27.125864],[142.178495,27.125858],[142.178505,27.125791],[142.17854,27.125751],[142.17858,27.125724],[142.178652,27.125716],[142.178676,27.125663],[142.178724,27.125618],[142.178773,27.125605],[142.178806,27.125636],[142.178811,27.125771],[142.178786,27.1258],[142.178734,27.125816],[142.178724,27.1259],[142.178657,27.125982],[142.178604,27.125989],[142.178548,27.126066],[142.1785,27.126088],[142.178423,27.126073],[142.178389,27.126122],[142.178239,27.126149],[142.178159,27.126214],[142.178079,27.126245],[142.178036,27.126328],[142.177942,27.126403],[142.177922,27.126467],[142.177885,27.126511],[142.177763,27.126542],[142.177726,27.126586],[142.177664,27.12662],[142.177562,27.126622],[142.177468,27.126666],[142.177379,27.126673],[142.177299,27.126743],[142.1772,27.126754],[142.177108,27.126818],[142.176984,27.126823],[142.176905,27.1269]]]]}}
