{
  "type": "Feature",
  "id": "administrative-area-R358696",
  "properties": {
    "id": "administrative-area-R358696",
    "kind": "administrative-area",
    "name": "東大阪市",
    "shortName": "東大阪市",
    "context": "大阪府・日本",
    "aliases": [
      "Higashiōsaka",
      "Higashiōsaka-shi",
      "Higashiosaka",
      "Higashi-Ōsaka"
    ],
    "osmType": "relation",
    "osmId": 358696,
    "ref": "272272",
    "adminLevel": 7,
    "boundaryDefinition": "東大阪市の現在の行政区域。市境界の内側に含まれる陸域・水域を含み、隣接する大阪市・八尾市・生駒市などの区域は含めない。",
    "boundarySourceLabel": "OpenStreetMap contributors",
    "boundarySourceUrl": "https://www.openstreetmap.org/relation/358696",
    "sourceQuery": "東大阪市 大阪府 日本",
    "fetchedAt": "2026-08-08T11:11:08.934Z",
    "geometryAreaKm2": 61.95310818,
    "officialAreaKm2": 61.78,
    "officialAreaSourceLabel": "国土地理院 全国都道府県市区町村別面積調 令和8年4月1日",
    "officialAreaSourceUrl": "https://www.gsi.go.jp/KOKUJYOHO/MENCHO-title",
    "bbox": [
      135.5570973,
      34.6321858,
      135.6790506,
      34.7042466
    ],
    "centroid": [
      135.61756471,
      34.67112622
    ],
    "coordinateSystem": "WGS84 / EPSG:4326",
    "geometryFile": "administrative-areas/R358696.geojson",
    "metadataFile": "administrative-areas/R358696.metadata.json",
    "license": "OpenStreetMap contributors, ODbL 1.0"
  },
  "geometry": {
    "type": "Polygon",
    "coordinates": [
      [
        [
          135.5571005,
          34.6643275
        ],
        [
          135.5571,
          34.6642029
        ],
        [
          135.5570999,
          34.6641799
        ],
        [
          135.5570992,
          34.6639909
        ],
        [
          135.5570973,
          34.6635085
        ],
        [
          135.5577026,
          34.6635238
        ],
        [
          135.5577787,
          34.663515
        ],
        [
          135.557826,
          34.6635096
        ],
        [
          135.5585033,
          34.6634319
        ],
        [
          135.5585491,
          34.6634266
        ],
        [
          135.5585871,
          34.6634223
        ],
        [
          135.5591171,
          34.6633614
        ],
        [
          135.5590366,
          34.6629195
        ],
        [
          135.5600411,
          34.662867
        ],
        [
          135.5605065,
          34.6628441
        ],
        [
          135.5607848,
          34.6628376
        ],
        [
          135.5611238,
          34.6628343
        ],
        [
          135.5612003,
          34.6625862
        ],
        [
          135.5613077,
          34.6622035
        ],
        [
          135.5613867,
          34.6621801
        ],
        [
          135.5613133,
          34.6615383
        ],
        [
          135.5613016,
          34.6614715
        ],
        [
          135.5610814,
          34.6612726
        ],
        [
          135.561047,
          34.6612241
        ],
        [
          135.5610469,
          34.6611721
        ],
        [
          135.5610705,
          34.6611089
        ],
        [
          135.5611742,
          34.660895
        ],
        [
          135.5612721,
          34.6607254
        ],
        [
          135.5614855,
          34.6603411
        ],
        [
          135.5615332,
          34.6600708
        ],
        [
          135.5614672,
          34.6600688
        ],
        [
          135.5615527,
          34.6596745
        ],
        [
          135.5615794,
          34.6594853
        ],
        [
          135.5616052,
          34.6594003
        ],
        [
          135.5616354,
          34.6591661
        ],
        [
          135.5616357,
          34.6584752
        ],
        [
          135.5619967,
          34.6584667
        ],
        [
          135.5620906,
          34.6584645
        ],
        [
          135.5625714,
          34.6584531
        ],
        [
          135.5628703,
          34.6584461
        ],
        [
          135.5630884,
          34.6584409
        ],
        [
          135.5632629,
          34.658446
        ],
        [
          135.5640174,
          34.6584945
        ],
        [
          135.5640083,
          34.6581984
        ],
        [
          135.5640085,
          34.6578871
        ],
        [
          135.5640044,
          34.657746
        ],
        [
          135.5640026,
          34.6576501
        ],
        [
          135.5640003,
          34.657527
        ],
        [
          135.5639925,
          34.6565524
        ],
        [
          135.5632974,
          34.6565564
        ],
        [
          135.5632739,
          34.6565569
        ],
        [
          135.5629799,
          34.6565557
        ],
        [
          135.5629804,
          34.6564243
        ],
        [
          135.5629802,
          34.6563458
        ],
        [
          135.5629781,
          34.6562412
        ],
        [
          135.5629764,
          34.6561696
        ],
        [
          135.562974,
          34.6561014
        ],
        [
          135.5629737,
          34.6560578
        ],
        [
          135.5629758,
          34.6559941
        ],
        [
          135.5629748,
          34.6559232
        ],
        [
          135.5629769,
          34.6557761
        ],
        [
          135.5621748,
          34.6557885
        ],
        [
          135.5620615,
          34.6557932
        ],
        [
          135.5617918,
          34.6557986
        ],
        [
          135.5616964,
          34.6557989
        ],
        [
          135.5616382,
          34.6557996
        ],
        [
          135.5614659,
          34.655812
        ],
        [
          135.5612479,
          34.6558274
        ],
        [
          135.5609262,
          34.6558574
        ],
        [
          135.5609594,
          34.6557892
        ],
        [
          135.5610017,
          34.6557288
        ],
        [
          135.5604377,
          34.6557413
        ],
        [
          135.5603606,
          34.6557417
        ],
        [
          135.5601748,
          34.6557454
        ],
        [
          135.5599735,
          34.655751
        ],
        [
          135.5599745,
          34.6559831
        ],
        [
          135.5595598,
          34.6559864
        ],
        [
          135.5592153,
          34.655989
        ],
        [
          135.5588257,
          34.655993
        ],
        [
          135.5583401,
          34.6559925
        ],
        [
          135.5583387,
          34.6556962
        ],
        [
          135.5584662,
          34.6556981
        ],
        [
          135.5584666,
          34.6554579
        ],
        [
          135.5583867,
          34.6554591
        ],
        [
          135.5583876,
          34.6552092
        ],
        [
          135.5583487,
          34.6552094
        ],
        [
          135.5583476,
          34.6549255
        ],
        [
          135.5585978,
          34.6549266
        ],
        [
          135.5592286,
          34.6549327
        ],
        [
          135.5592387,
          34.6543082
        ],
        [
          135.5594217,
          34.6543084
        ],
        [
          135.5594274,
          34.6539952
        ],
        [
          135.5594525,
          34.6536851
        ],
        [
          135.5594757,
          34.6533331
        ],
        [
          135.5594614,
          34.653139
        ],
        [
          135.559458,
          34.6530766
        ],
        [
          135.5601253,
          34.6530463
        ],
        [
          135.5605713,
          34.6530211
        ],
        [
          135.5610659,
          34.6529987
        ],
        [
          135.5614478,
          34.6529805
        ],
        [
          135.5617209,
          34.6529709
        ],
        [
          135.5617356,
          34.6525922
        ],
        [
          135.5617464,
          34.6522737
        ],
        [
          135.5617524,
          34.6520341
        ],
        [
          135.5617613,
          34.6516164
        ],
        [
          135.5618878,
          34.6516058
        ],
        [
          135.5618717,
          34.6514334
        ],
        [
          135.5618382,
          34.6511214
        ],
        [
          135.5617922,
          34.6506126
        ],
        [
          135.5617447,
          34.6500722
        ],
        [
          135.561024,
          34.6501168
        ],
        [
          135.5608245,
          34.6501325
        ],
        [
          135.5607611,
          34.6501366
        ],
        [
          135.5605981,
          34.6501468
        ],
        [
          135.5606131,
          34.649853
        ],
        [
          135.5606614,
          34.6490486
        ],
        [
          135.5607164,
          34.6481055
        ],
        [
          135.5607277,
          34.647874
        ],
        [
          135.560747,
          34.6475066
        ],
        [
          135.5607918,
          34.6465062
        ],
        [
          135.5608127,
          34.6460943
        ],
        [
          135.5608368,
          34.6456771
        ],
        [
          135.560842,
          34.6455593
        ],
        [
          135.5608541,
          34.6454088
        ],
        [
          135.5608795,
          34.6449133
        ],
        [
          135.5609034,
          34.644398
        ],
        [
          135.5609094,
          34.644293
        ],
        [
          135.5609205,
          34.6441408
        ],
        [
          135.5609371,
          34.6438195
        ],
        [
          135.5609463,
          34.6436616
        ],
        [
          135.5609591,
          34.6434383
        ],
        [
          135.5609649,
          34.6433399
        ],
        [
          135.5609675,
          34.6432569
        ],
        [
          135.5609762,
          34.6431179
        ],
        [
          135.5609929,
          34.642757
        ],
        [
          135.5610016,
          34.6426029
        ],
        [
          135.5610043,
          34.6424537
        ],
        [
          135.5610116,
          34.6423018
        ],
        [
          135.5610163,
          34.642204
        ],
        [
          135.5610995,
          34.6409051
        ],
        [
          135.5618344,
          34.6409357
        ],
        [
          135.5620533,
          34.6409776
        ],
        [
          135.5624113,
          34.6409466
        ],
        [
          135.5630162,
          34.6409642
        ],
        [
          135.5634682,
          34.6409988
        ],
        [
          135.5634741,
          34.6408889
        ],
        [
          135.564323,
          34.640929
        ],
        [
          135.564919,
          34.640946
        ],
        [
          135.5654989,
          34.6409656
        ],
        [
          135.5655367,
          34.6406375
        ],
        [
          135.5655515,
          34.6403505
        ],
        [
          135.5655645,
          34.6400959
        ],
        [
          135.5655947,
          34.6394542
        ],
        [
          135.5656038,
          34.6391054
        ],
        [
          135.5656138,
          34.6389024
        ],
        [
          135.5656395,
          34.638384
        ],
        [
          135.565644,
          34.6381978
        ],
        [
          135.5657628,
          34.6382005
        ],
        [
          135.5661339,
          34.6382063
        ],
        [
          135.5667561,
          34.6382296
        ],
        [
          135.5670961,
          34.638239
        ],
        [
          135.5672384,
          34.6382451
        ],
        [
          135.5673104,
          34.6382468
        ],
        [
          135.5674602,
          34.6382518
        ],
        [
          135.5676268,
          34.6382572
        ],
        [
          135.568471,
          34.638288
        ],
        [
          135.5685017,
          34.6375852
        ],
        [
          135.5685081,
          34.6374685
        ],
        [
          135.5685136,
          34.6374057
        ],
        [
          135.5685248,
          34.6372113
        ],
        [
          135.5685999,
          34.6358467
        ],
        [
          135.5686229,
          34.6353867
        ],
        [
          135.5686456,
          34.6349882
        ],
        [
          135.5686494,
          34.6348732
        ],
        [
          135.5686504,
          34.6348112
        ],
        [
          135.5686705,
          34.6343146
        ],
        [
          135.5687293,
          34.6343148
        ],
        [
          135.5691634,
          34.6343264
        ],
        [
          135.5692609,
          34.6343281
        ],
        [
          135.5698026,
          34.6343515
        ],
        [
          135.5714975,
          34.6344246
        ],
        [
          135.5716156,
          34.6344297
        ],
        [
          135.5716223,
          34.6343375
        ],
        [
          135.5716348,
          34.6340708
        ],
        [
          135.5716378,
          34.6338641
        ],
        [
          135.5720864,
          34.6338756
        ],
        [
          135.573471,
          34.6339305
        ],
        [
          135.5742435,
          34.6339523
        ],
        [
          135.5743955,
          34.6339563
        ],
        [
          135.5745032,
          34.6339608
        ],
        [
          135.5745419,
          34.6330993
        ],
        [
          135.5745571,
          34.6321858
        ],
        [
          135.584073,
          34.632332
        ],
        [
          135.584162,
          34.632332
        ],
        [
          135.584229,
          34.632334
        ],
        [
          135.584668,
          34.632346
        ],
        [
          135.585081,
          34.632356
        ],
        [
          135.5852835,
          34.6323418
        ],
        [
          135.5863903,
          34.6323521
        ],
        [
          135.5873399,
          34.6323434
        ],
        [
          135.58741,
          34.6323367
        ],
        [
          135.5880089,
          34.6323344
        ],
        [
          135.5881346,
          34.6323332
        ],
        [
          135.5882547,
          34.6323333
        ],
        [
          135.5883759,
          34.6323308
        ],
        [
          135.5886905,
          34.6323247
        ],
        [
          135.5887566,
          34.6323414
        ],
        [
          135.5887942,
          34.6324605
        ],
        [
          135.5888729,
          34.6325361
        ],
        [
          135.589281,
          34.63306
        ],
        [
          135.589339,
          34.633148
        ],
        [
          135.58936,
          34.633181
        ],
        [
          135.589395,
          34.633235
        ],
        [
          135.589444,
          34.633311
        ],
        [
          135.589632,
          34.633353
        ],
        [
          135.589654,
          34.633389
        ],
        [
          135.589681,
          34.633433
        ],
        [
          135.589735,
          34.633521
        ],
        [
          135.589751,
          34.633548
        ],
        [
          135.589909,
          34.633807
        ],
        [
          135.589954,
          34.63388
        ],
        [
          135.589993,
          34.633943
        ],
        [
          135.589982,
          34.633949
        ],
        [
          135.589336,
          34.634319
        ],
        [
          135.589011,
          34.634512
        ],
        [
          135.588923,
          34.634563
        ],
        [
          135.588684,
          34.634704
        ],
        [
          135.588446,
          34.634845
        ],
        [
          135.588306,
          34.634928
        ],
        [
          135.588196,
          34.634993
        ],
        [
          135.587402,
          34.635595
        ],
        [
          135.586919,
          34.635971
        ],
        [
          135.586985,
          34.636034
        ],
        [
          135.587026,
          34.636073
        ],
        [
          135.58705,
          34.636095
        ],
        [
          135.587361,
          34.636389
        ],
        [
          135.587522,
          34.636542
        ],
        [
          135.587677,
          34.636688
        ],
        [
          135.587821,
          34.636824
        ],
        [
          135.58705,
          34.637451
        ],
        [
          135.586312,
          34.638053
        ],
        [
          135.585403,
          34.639025
        ],
        [
          135.585394,
          34.63904
        ],
        [
          135.585208,
          34.639347
        ],
        [
          135.585411,
          34.639478
        ],
        [
          135.585564,
          34.639539
        ],
        [
          135.585703,
          34.639595
        ],
        [
          135.585814,
          34.639639
        ],
        [
          135.586247,
          34.639765
        ],
        [
          135.586262,
          34.639763
        ],
        [
          135.586376,
          34.63975
        ],
        [
          135.586461,
          34.63974
        ],
        [
          135.586574,
          34.639727
        ],
        [
          135.586716,
          34.639711
        ],
        [
          135.586969,
          34.639687
        ],
        [
          135.587438,
          34.639693
        ],
        [
          135.587489,
          34.639703
        ],
        [
          135.587943,
          34.639794
        ],
        [
          135.588852,
          34.640021
        ],
        [
          135.588946,
          34.640065
        ],
        [
          135.588993,
          34.640087
        ],
        [
          135.589004,
          34.640093
        ],
        [
          135.589004,
          34.640097
        ],
        [
          135.589018,
          34.640343
        ],
        [
          135.589227,
          34.640361
        ],
        [
          135.589394,
          34.640439
        ],
        [
          135.589711,
          34.640546
        ],
        [
          135.589978,
          34.640588
        ],
        [
          135.590623,
          34.640649
        ],
        [
          135.590859,
          34.640671
        ],
        [
          135.590694,
          34.641652
        ],
        [
          135.590679,
          34.641742
        ],
        [
          135.590678,
          34.641745
        ],
        [
          135.590713,
          34.641746
        ],
        [
          135.591218,
          34.64175
        ],
        [
          135.591983,
          34.641756
        ],
        [
          135.593879,
          34.641773
        ],
        [
          135.594136,
          34.641775
        ],
        [
          135.594149,
          34.641775
        ],
        [
          135.594847,
          34.641754
        ],
        [
          135.59563,
          34.64173
        ],
        [
          135.595917,
          34.641721
        ],
        [
          135.595938,
          34.642547
        ],
        [
          135.595941,
          34.642658
        ],
        [
          135.595944,
          34.642767
        ],
        [
          135.595947,
          34.642877
        ],
        [
          135.595951,
          34.643048
        ],
        [
          135.595956,
          34.643224
        ],
        [
          135.595967,
          34.643666
        ],
        [
          135.595967,
          34.643736
        ],
        [
          135.595965,
          34.643851
        ],
        [
          135.595964,
          34.644044
        ],
        [
          135.595963,
          34.644134
        ],
        [
          135.59596,
          34.644406
        ],
        [
          135.595717,
          34.644418
        ],
        [
          135.595052,
          34.644452
        ],
        [
          135.594796,
          34.644465
        ],
        [
          135.594553,
          34.644477
        ],
        [
          135.594629,
          34.644933
        ],
        [
          135.594654,
          34.645086
        ],
        [
          135.594706,
          34.645488
        ],
        [
          135.594712,
          34.645533
        ],
        [
          135.594743,
          34.645829
        ],
        [
          135.594791,
          34.646277
        ],
        [
          135.594791,
          34.646278
        ],
        [
          135.594784,
          34.646632
        ],
        [
          135.594777,
          34.647066
        ],
        [
          135.594762,
          34.647412
        ],
        [
          135.594752,
          34.6476
        ],
        [
          135.594704,
          34.648503
        ],
        [
          135.594585,
          34.6492
        ],
        [
          135.594582,
          34.649219
        ],
        [
          135.594524,
          34.649494
        ],
        [
          135.594511,
          34.649695
        ],
        [
          135.594502,
          34.649822
        ],
        [
          135.594495,
          34.650621
        ],
        [
          135.596127,
          34.650642
        ],
        [
          135.596196,
          34.650643
        ],
        [
          135.596468,
          34.650647
        ],
        [
          135.596566,
          34.650648
        ],
        [
          135.596781,
          34.650651
        ],
        [
          135.597089,
          34.650655
        ],
        [
          135.59767,
          34.650663
        ],
        [
          135.597769,
          34.650669
        ],
        [
          135.59777,
          34.650669
        ],
        [
          135.598052,
          34.650687
        ],
        [
          135.599131,
          34.650752
        ],
        [
          135.599227,
          34.650758
        ],
        [
          135.599326,
          34.650764
        ],
        [
          135.599524,
          34.650776
        ],
        [
          135.599611,
          34.650765
        ],
        [
          135.599799,
          34.65074
        ],
        [
          135.599994,
          34.650701
        ],
        [
          135.600248,
          34.650651
        ],
        [
          135.600549,
          34.650591
        ],
        [
          135.600997,
          34.650579
        ],
        [
          135.601437,
          34.650579
        ],
        [
          135.60173,
          34.650582
        ],
        [
          135.603464,
          34.650603
        ],
        [
          135.604651,
          34.650557
        ],
        [
          135.604691,
          34.650555
        ],
        [
          135.605066,
          34.650521
        ],
        [
          135.60579,
          34.650455
        ],
        [
          135.606185,
          34.650419
        ],
        [
          135.606903,
          34.650419
        ],
        [
          135.608143,
          34.650419
        ],
        [
          135.608234,
          34.650419
        ],
        [
          135.609346,
          34.650412
        ],
        [
          135.609697,
          34.650406
        ],
        [
          135.610659,
          34.650388
        ],
        [
          135.61117,
          34.650378
        ],
        [
          135.611493,
          34.650372
        ],
        [
          135.611554,
          34.650371
        ],
        [
          135.61234,
          34.650323
        ],
        [
          135.612587,
          34.650309
        ],
        [
          135.613143,
          34.650275
        ],
        [
          135.613538,
          34.650251
        ],
        [
          135.613672,
          34.650247
        ],
        [
          135.614859,
          34.65021
        ],
        [
          135.61496,
          34.650209
        ],
        [
          135.615535,
          34.650205
        ],
        [
          135.615796,
          34.650204
        ],
        [
          135.616792,
          34.650239
        ],
        [
          135.616795,
          34.650129
        ],
        [
          135.616796,
          34.65008
        ],
        [
          135.6168,
          34.649918
        ],
        [
          135.616742,
          34.649399
        ],
        [
          135.616662,
          34.648808
        ],
        [
          135.61659,
          34.648569
        ],
        [
          135.616634,
          34.648474
        ],
        [
          135.616971,
          34.64839
        ],
        [
          135.617119,
          34.648353
        ],
        [
          135.617161,
          34.648343
        ],
        [
          135.617096,
          34.648116
        ],
        [
          135.617282,
          34.648073
        ],
        [
          135.617456,
          34.648033
        ],
        [
          135.617925,
          34.647925
        ],
        [
          135.618005,
          34.647937
        ],
        [
          135.618048,
          34.648009
        ],
        [
          135.618149,
          34.648707
        ],
        [
          135.618199,
          34.649107
        ],
        [
          135.618209,
          34.649188
        ],
        [
          135.618214,
          34.649232
        ],
        [
          135.618195,
          34.64931
        ],
        [
          135.618169,
          34.64942
        ],
        [
          135.618161,
          34.649451
        ],
        [
          135.618142,
          34.649532
        ],
        [
          135.618064,
          34.649856
        ],
        [
          135.618045,
          34.649935
        ],
        [
          135.61803,
          34.649997
        ],
        [
          135.618009,
          34.650083
        ],
        [
          135.618001,
          34.650116
        ],
        [
          135.617988,
          34.650172
        ],
        [
          135.617961,
          34.650282
        ],
        [
          135.618211,
          34.650291
        ],
        [
          135.619081,
          34.650322
        ],
        [
          135.619196,
          34.650326
        ],
        [
          135.619275,
          34.650329
        ],
        [
          135.619403,
          34.650331
        ],
        [
          135.620814,
          34.650346
        ],
        [
          135.620985,
          34.650348
        ],
        [
          135.621425,
          34.650353
        ],
        [
          135.621757,
          34.650341
        ],
        [
          135.62218,
          34.650347
        ],
        [
          135.62331,
          34.650335
        ],
        [
          135.623353,
          34.650334
        ],
        [
          135.624128,
          34.650319
        ],
        [
          135.624521,
          34.650311
        ],
        [
          135.625121,
          34.650299
        ],
        [
          135.625186,
          34.650305
        ],
        [
          135.625196,
          34.650306
        ],
        [
          135.625337,
          34.650317
        ],
        [
          135.625511,
          34.650307
        ],
        [
          135.625532,
          34.650306
        ],
        [
          135.625499,
          34.648219
        ],
        [
          135.625496,
          34.648063
        ],
        [
          135.625498,
          34.648039
        ],
        [
          135.625511,
          34.647824
        ],
        [
          135.625496,
          34.647712
        ],
        [
          135.625489,
          34.647663
        ],
        [
          135.625489,
          34.647444
        ],
        [
          135.625489,
          34.647269
        ],
        [
          135.625467,
          34.645
        ],
        [
          135.625482,
          34.644657
        ],
        [
          135.625486,
          34.644657
        ],
        [
          135.625602,
          34.644652
        ],
        [
          135.625655,
          34.64465
        ],
        [
          135.625703,
          34.644648
        ],
        [
          135.625743,
          34.644646
        ],
        [
          135.626377,
          34.644621
        ],
        [
          135.626651,
          34.644597
        ],
        [
          135.626831,
          34.644603
        ],
        [
          135.627387,
          34.644591
        ],
        [
          135.627892,
          34.644579
        ],
        [
          135.628017,
          34.644571
        ],
        [
          135.628133,
          34.644564
        ],
        [
          135.628715,
          34.644526
        ],
        [
          135.629509,
          34.644457
        ],
        [
          135.629832,
          34.644442
        ],
        [
          135.630158,
          34.644427
        ],
        [
          135.630439,
          34.644427
        ],
        [
          135.631312,
          34.644409
        ],
        [
          135.631803,
          34.644362
        ],
        [
          135.6318,
          34.644301
        ],
        [
          135.631796,
          34.644228
        ],
        [
          135.631794,
          34.644171
        ],
        [
          135.631792,
          34.644132
        ],
        [
          135.63176,
          34.643491
        ],
        [
          135.631731,
          34.643306
        ],
        [
          135.631442,
          34.643306
        ],
        [
          135.631413,
          34.642543
        ],
        [
          135.631392,
          34.642382
        ],
        [
          135.631387,
          34.642247
        ],
        [
          135.631363,
          34.641466
        ],
        [
          135.63136,
          34.641297
        ],
        [
          135.631356,
          34.640953
        ],
        [
          135.631356,
          34.640458
        ],
        [
          135.632251,
          34.64044
        ],
        [
          135.632294,
          34.64109
        ],
        [
          135.632316,
          34.641261
        ],
        [
          135.632424,
          34.642092
        ],
        [
          135.632437,
          34.642242
        ],
        [
          135.632503,
          34.643011
        ],
        [
          135.63251,
          34.643214
        ],
        [
          135.632597,
          34.643911
        ],
        [
          135.632575,
          34.643995
        ],
        [
          135.63257,
          34.644132
        ],
        [
          135.632569,
          34.64417
        ],
        [
          135.632566,
          34.644228
        ],
        [
          135.632564,
          34.644293
        ],
        [
          135.632561,
          34.64438
        ],
        [
          135.633354,
          34.644416
        ],
        [
          135.633773,
          34.644457
        ],
        [
          135.634964,
          34.644594
        ],
        [
          135.634943,
          34.644487
        ],
        [
          135.634913,
          34.644326
        ],
        [
          135.634913,
          34.644261
        ],
        [
          135.635158,
          34.644249
        ],
        [
          135.636075,
          34.644207
        ],
        [
          135.637697,
          34.644189
        ],
        [
          135.639004,
          34.644174
        ],
        [
          135.639286,
          34.64418
        ],
        [
          135.639546,
          34.644186
        ],
        [
          135.64052,
          34.644147
        ],
        [
          135.641111,
          34.644159
        ],
        [
          135.64118,
          34.644214
        ],
        [
          135.641306,
          34.644314
        ],
        [
          135.641487,
          34.644409
        ],
        [
          135.641934,
          34.644398
        ],
        [
          135.641963,
          34.644391
        ],
        [
          135.642114,
          34.644356
        ],
        [
          135.642504,
          34.644153
        ],
        [
          135.642839,
          34.644055
        ],
        [
          135.64285,
          34.644052
        ],
        [
          135.643089,
          34.644043
        ],
        [
          135.643363,
          34.644031
        ],
        [
          135.643557,
          34.644013
        ],
        [
          135.643687,
          34.643959
        ],
        [
          135.643839,
          34.643888
        ],
        [
          135.643882,
          34.643912
        ],
        [
          135.643897,
          34.644013
        ],
        [
          135.644092,
          34.644079
        ],
        [
          135.644301,
          34.644073
        ],
        [
          135.644748,
          34.644043
        ],
        [
          135.644957,
          34.644037
        ],
        [
          135.645138,
          34.643965
        ],
        [
          135.645369,
          34.643965
        ],
        [
          135.645621,
          34.644019
        ],
        [
          135.645918,
          34.644034
        ],
        [
          135.646083,
          34.644043
        ],
        [
          135.646285,
          34.64404
        ],
        [
          135.646523,
          34.644124
        ],
        [
          135.646617,
          34.644243
        ],
        [
          135.646653,
          34.644422
        ],
        [
          135.646631,
          34.644535
        ],
        [
          135.646567,
          34.64472
        ],
        [
          135.646559,
          34.644875
        ],
        [
          135.646617,
          34.644923
        ],
        [
          135.646697,
          34.644933
        ],
        [
          135.646899,
          34.644959
        ],
        [
          135.647166,
          34.645012
        ],
        [
          135.647526,
          34.645054
        ],
        [
          135.647678,
          34.645042
        ],
        [
          135.647945,
          34.644947
        ],
        [
          135.648147,
          34.644875
        ],
        [
          135.648335,
          34.644786
        ],
        [
          135.648897,
          34.644607
        ],
        [
          135.649034,
          34.644547
        ],
        [
          135.649265,
          34.644505
        ],
        [
          135.649489,
          34.644434
        ],
        [
          135.650088,
          34.644347
        ],
        [
          135.650276,
          34.644347
        ],
        [
          135.650557,
          34.644299
        ],
        [
          135.650846,
          34.644258
        ],
        [
          135.651538,
          34.644222
        ],
        [
          135.651928,
          34.644228
        ],
        [
          135.652325,
          34.64424
        ],
        [
          135.652544,
          34.644262
        ],
        [
          135.652902,
          34.644299
        ],
        [
          135.653111,
          34.644249
        ],
        [
          135.65327,
          34.644136
        ],
        [
          135.653689,
          34.643718
        ],
        [
          135.653869,
          34.643706
        ],
        [
          135.654093,
          34.643855
        ],
        [
          135.654432,
          34.643998
        ],
        [
          135.654526,
          34.643998
        ],
        [
          135.654721,
          34.643909
        ],
        [
          135.655125,
          34.643652
        ],
        [
          135.655326,
          34.643539
        ],
        [
          135.655536,
          34.643384
        ],
        [
          135.655659,
          34.643372
        ],
        [
          135.655832,
          34.643455
        ],
        [
          135.656048,
          34.643563
        ],
        [
          135.656286,
          34.643607
        ],
        [
          135.656532,
          34.64356
        ],
        [
          135.656842,
          34.643422
        ],
        [
          135.657239,
          34.643202
        ],
        [
          135.657412,
          34.643166
        ],
        [
          135.657686,
          34.64319
        ],
        [
          135.658148,
          34.643244
        ],
        [
          135.658264,
          34.643226
        ],
        [
          135.658437,
          34.643184
        ],
        [
          135.658978,
          34.642981
        ],
        [
          135.659454,
          34.642754
        ],
        [
          135.659598,
          34.642662
        ],
        [
          135.659793,
          34.642537
        ],
        [
          135.659959,
          34.642519
        ],
        [
          135.66014,
          34.642525
        ],
        [
          135.660262,
          34.642561
        ],
        [
          135.660287,
          34.642571
        ],
        [
          135.660414,
          34.642626
        ],
        [
          135.660436,
          34.642698
        ],
        [
          135.660421,
          34.642877
        ],
        [
          135.660399,
          34.643038
        ],
        [
          135.660371,
          34.643479
        ],
        [
          135.660399,
          34.643581
        ],
        [
          135.660508,
          34.643634
        ],
        [
          135.660832,
          34.643646
        ],
        [
          135.661261,
          34.643646
        ],
        [
          135.66128,
          34.643646
        ],
        [
          135.66153,
          34.643689
        ],
        [
          135.661936,
          34.643759
        ],
        [
          135.662124,
          34.643783
        ],
        [
          135.662355,
          34.643777
        ],
        [
          135.662571,
          34.643729
        ],
        [
          135.662802,
          34.643634
        ],
        [
          135.663214,
          34.643386
        ],
        [
          135.663444,
          34.643267
        ],
        [
          135.663668,
          34.643184
        ],
        [
          135.663798,
          34.64319
        ],
        [
          135.664043,
          34.643261
        ],
        [
          135.664187,
          34.643279
        ],
        [
          135.664287,
          34.643276
        ],
        [
          135.664415,
          34.643335
        ],
        [
          135.664841,
          34.643496
        ],
        [
          135.665101,
          34.643663
        ],
        [
          135.66531,
          34.643842
        ],
        [
          135.665356,
          34.643934
        ],
        [
          135.665375,
          34.643973
        ],
        [
          135.665382,
          34.644099
        ],
        [
          135.665353,
          34.644367
        ],
        [
          135.665238,
          34.644716
        ],
        [
          135.665224,
          34.644889
        ],
        [
          135.665216,
          34.644984
        ],
        [
          135.665267,
          34.645205
        ],
        [
          135.665339,
          34.64536
        ],
        [
          135.665411,
          34.645646
        ],
        [
          135.665426,
          34.646404
        ],
        [
          135.665404,
          34.646768
        ],
        [
          135.665433,
          34.647474
        ],
        [
          135.665426,
          34.647982
        ],
        [
          135.665476,
          34.648256
        ],
        [
          135.665556,
          34.648435
        ],
        [
          135.665692,
          34.648662
        ],
        [
          135.665829,
          34.648912
        ],
        [
          135.665844,
          34.649026
        ],
        [
          135.665815,
          34.649154
        ],
        [
          135.665621,
          34.64944
        ],
        [
          135.665426,
          34.649607
        ],
        [
          135.665274,
          34.649673
        ],
        [
          135.665086,
          34.649709
        ],
        [
          135.664754,
          34.649762
        ],
        [
          135.664545,
          34.649828
        ],
        [
          135.664264,
          34.649977
        ],
        [
          135.664192,
          34.650078
        ],
        [
          135.664156,
          34.650233
        ],
        [
          135.66417,
          34.650549
        ],
        [
          135.664235,
          34.650782
        ],
        [
          135.664248,
          34.65094
        ],
        [
          135.664256,
          34.651044
        ],
        [
          135.664321,
          34.651295
        ],
        [
          135.664345,
          34.651346
        ],
        [
          135.664531,
          34.651746
        ],
        [
          135.664675,
          34.652002
        ],
        [
          135.664791,
          34.652247
        ],
        [
          135.664834,
          34.652509
        ],
        [
          135.664913,
          34.652724
        ],
        [
          135.665029,
          34.652825
        ],
        [
          135.665245,
          34.65292
        ],
        [
          135.665577,
          34.65295
        ],
        [
          135.665887,
          34.652998
        ],
        [
          135.666197,
          34.653117
        ],
        [
          135.666674,
          34.653463
        ],
        [
          135.666854,
          34.653684
        ],
        [
          135.667186,
          34.65414
        ],
        [
          135.667331,
          34.654361
        ],
        [
          135.667417,
          34.654492
        ],
        [
          135.667612,
          34.655244
        ],
        [
          135.667713,
          34.655548
        ],
        [
          135.667792,
          34.655667
        ],
        [
          135.667922,
          34.655798
        ],
        [
          135.667951,
          34.656049
        ],
        [
          135.668016,
          34.656291
        ],
        [
          135.668138,
          34.656517
        ],
        [
          135.668564,
          34.656905
        ],
        [
          135.668831,
          34.657036
        ],
        [
          135.669007,
          34.657013
        ],
        [
          135.669192,
          34.656988
        ],
        [
          135.669372,
          34.657078
        ],
        [
          135.669517,
          34.657281
        ],
        [
          135.669574,
          34.657483
        ],
        [
          135.669697,
          34.657925
        ],
        [
          135.669699,
          34.657934
        ],
        [
          135.669733,
          34.658122
        ],
        [
          135.669856,
          34.658372
        ],
        [
          135.669857,
          34.658375
        ],
        [
          135.669901,
          34.658455
        ],
        [
          135.669964,
          34.658572
        ],
        [
          135.67013,
          34.658972
        ],
        [
          135.67013,
          34.659073
        ],
        [
          135.670083,
          34.659145
        ],
        [
          135.670029,
          34.659228
        ],
        [
          135.670022,
          34.659341
        ],
        [
          135.670072,
          34.65955
        ],
        [
          135.670181,
          34.659705
        ],
        [
          135.670382,
          34.660033
        ],
        [
          135.670816,
          34.660612
        ],
        [
          135.671155,
          34.661062
        ],
        [
          135.671198,
          34.661206
        ],
        [
          135.671198,
          34.661337
        ],
        [
          135.671104,
          34.661557
        ],
        [
          135.670902,
          34.661701
        ],
        [
          135.670736,
          34.661869
        ],
        [
          135.670645,
          34.661961
        ],
        [
          135.670556,
          34.662052
        ],
        [
          135.670187,
          34.662613
        ],
        [
          135.670072,
          34.662923
        ],
        [
          135.670072,
          34.663081
        ],
        [
          135.670108,
          34.663236
        ],
        [
          135.670375,
          34.663714
        ],
        [
          135.670671,
          34.664209
        ],
        [
          135.670873,
          34.664608
        ],
        [
          135.670842,
          34.664724
        ],
        [
          135.670808,
          34.664853
        ],
        [
          135.670794,
          34.664984
        ],
        [
          135.670859,
          34.665276
        ],
        [
          135.67088,
          34.665362
        ],
        [
          135.670909,
          34.665485
        ],
        [
          135.670994,
          34.665833
        ],
        [
          135.671017,
          34.665929
        ],
        [
          135.671025,
          34.66621
        ],
        [
          135.670974,
          34.666514
        ],
        [
          135.670974,
          34.666717
        ],
        [
          135.671054,
          34.66692
        ],
        [
          135.671306,
          34.667164
        ],
        [
          135.671797,
          34.6676
        ],
        [
          135.672208,
          34.66796
        ],
        [
          135.672737,
          34.668582
        ],
        [
          135.672807,
          34.668664
        ],
        [
          135.672916,
          34.668791
        ],
        [
          135.673081,
          34.668981
        ],
        [
          135.673512,
          34.669432
        ],
        [
          135.673514,
          34.669434
        ],
        [
          135.673868,
          34.669744
        ],
        [
          135.673926,
          34.669834
        ],
        [
          135.673954,
          34.669926
        ],
        [
          135.673979,
          34.670158
        ],
        [
          135.673883,
          34.670573
        ],
        [
          135.673903,
          34.670788
        ],
        [
          135.673965,
          34.671016
        ],
        [
          135.6739731,
          34.6710328
        ],
        [
          135.674254,
          34.671617
        ],
        [
          135.6744995,
          34.6719647
        ],
        [
          135.674571,
          34.672054
        ],
        [
          135.674859,
          34.672355
        ],
        [
          135.6749309,
          34.6723742
        ],
        [
          135.6752288,
          34.6727065
        ],
        [
          135.6757602,
          34.6731518
        ],
        [
          135.675914,
          34.673237
        ],
        [
          135.6761722,
          34.6733076
        ],
        [
          135.6763413,
          34.6734671
        ],
        [
          135.6763967,
          34.6736554
        ],
        [
          135.676544,
          34.6739102
        ],
        [
          135.6766124,
          34.674023
        ],
        [
          135.6767701,
          34.6741938
        ],
        [
          135.6768245,
          34.6745169
        ],
        [
          135.6768742,
          34.674632
        ],
        [
          135.6768865,
          34.6746962
        ],
        [
          135.6768978,
          34.6747918
        ],
        [
          135.6769286,
          34.6749096
        ],
        [
          135.6769534,
          34.6750072
        ],
        [
          135.6769666,
          34.6751207
        ],
        [
          135.6769766,
          34.6752194
        ],
        [
          135.6769865,
          34.6752956
        ],
        [
          135.6770129,
          34.6753809
        ],
        [
          135.6770366,
          34.6754512
        ],
        [
          135.6770656,
          34.6755405
        ],
        [
          135.6770947,
          34.6756101
        ],
        [
          135.6771462,
          34.6757365
        ],
        [
          135.6772631,
          34.6758855
        ],
        [
          135.6773478,
          34.6759897
        ],
        [
          135.677518,
          34.6761869
        ],
        [
          135.6777055,
          34.6763956
        ],
        [
          135.6779438,
          34.6766562
        ],
        [
          135.6782971,
          34.6770896
        ],
        [
          135.6788151,
          34.6776575
        ],
        [
          135.6790506,
          34.6779218
        ],
        [
          135.6788857,
          34.67792
        ],
        [
          135.6787397,
          34.678221
        ],
        [
          135.6788099,
          34.6784187
        ],
        [
          135.6788917,
          34.678518
        ],
        [
          135.6788833,
          34.6787414
        ],
        [
          135.6788895,
          34.678903
        ],
        [
          135.6788672,
          34.6789539
        ],
        [
          135.6788229,
          34.679015
        ],
        [
          135.6787769,
          34.6790482
        ],
        [
          135.6786954,
          34.6790704
        ],
        [
          135.6785515,
          34.6790579
        ],
        [
          135.6783738,
          34.6790311
        ],
        [
          135.6781965,
          34.6792544
        ],
        [
          135.6778957,
          34.6796657
        ],
        [
          135.6778116,
          34.6797777
        ],
        [
          135.6776771,
          34.6799656
        ],
        [
          135.6775384,
          34.6801358
        ],
        [
          135.6776081,
          34.6802427
        ],
        [
          135.6780057,
          34.681007
        ],
        [
          135.678254,
          34.6815995
        ],
        [
          135.6784409,
          34.6822736
        ],
        [
          135.6784772,
          34.6823385
        ],
        [
          135.6785526,
          34.6824732
        ],
        [
          135.6786834,
          34.6830629
        ],
        [
          135.678651,
          34.6832851
        ],
        [
          135.6785862,
          34.6834742
        ],
        [
          135.6786776,
          34.6836795
        ],
        [
          135.6786451,
          34.6837559
        ],
        [
          135.6781595,
          34.6840994
        ],
        [
          135.6776939,
          34.6842636
        ],
        [
          135.677312,
          34.6845256
        ],
        [
          135.6769023,
          34.684931
        ],
        [
          135.6765771,
          34.6854
        ],
        [
          135.6764874,
          34.6856202
        ],
        [
          135.6764972,
          34.6857832
        ],
        [
          135.6765262,
          34.6860905
        ],
        [
          135.6764872,
          34.6862648
        ],
        [
          135.6763738,
          34.6864223
        ],
        [
          135.6761949,
          34.6865966
        ],
        [
          135.6761053,
          34.6867586
        ],
        [
          135.6759232,
          34.6872139
        ],
        [
          135.6755348,
          34.6876787
        ],
        [
          135.6753309,
          34.6879591
        ],
        [
          135.6750582,
          34.6880531
        ],
        [
          135.6743007,
          34.6882035
        ],
        [
          135.6740677,
          34.6883308
        ],
        [
          135.6739116,
          34.6885834
        ],
        [
          135.6738719,
          34.688763
        ],
        [
          135.6739147,
          34.6890416
        ],
        [
          135.6736116,
          34.689336
        ],
        [
          135.6734836,
          34.689819
        ],
        [
          135.6733633,
          34.6899378
        ],
        [
          135.6733907,
          34.6901388
        ],
        [
          135.6734023,
          34.6905078
        ],
        [
          135.673064,
          34.690669
        ],
        [
          135.67305,
          34.691145
        ],
        [
          135.673029,
          34.691389
        ],
        [
          135.673002,
          34.691668
        ],
        [
          135.673029,
          34.692031
        ],
        [
          135.673036,
          34.692201
        ],
        [
          135.673057,
          34.692547
        ],
        [
          135.673167,
          34.692951
        ],
        [
          135.673074,
          34.693734
        ],
        [
          135.673033,
          34.693927
        ],
        [
          135.673043,
          34.693989
        ],
        [
          135.673069,
          34.694153
        ],
        [
          135.673088,
          34.694268
        ],
        [
          135.673239,
          34.694529
        ],
        [
          135.67348,
          34.69492
        ],
        [
          135.673613,
          34.695232
        ],
        [
          135.673662,
          34.695505
        ],
        [
          135.673778,
          34.696334
        ],
        [
          135.673847,
          34.696714
        ],
        [
          135.673961,
          34.69735
        ],
        [
          135.674022,
          34.697628
        ],
        [
          135.674126,
          34.698014
        ],
        [
          135.674112,
          34.698162
        ],
        [
          135.674064,
          34.698394
        ],
        [
          135.67394,
          34.69865
        ],
        [
          135.673873,
          34.698766
        ],
        [
          135.673631,
          34.699184
        ],
        [
          135.673552,
          34.69932
        ],
        [
          135.673464,
          34.699475
        ],
        [
          135.673204,
          34.699933
        ],
        [
          135.673136,
          34.700081
        ],
        [
          135.672943,
          34.700548
        ],
        [
          135.672951,
          34.700837
        ],
        [
          135.672943,
          34.700999
        ],
        [
          135.672866,
          34.701147
        ],
        [
          135.672593,
          34.701147
        ],
        [
          135.672277,
          34.701049
        ],
        [
          135.672115,
          34.700922
        ],
        [
          135.672038,
          34.700753
        ],
        [
          135.671927,
          34.700619
        ],
        [
          135.671472,
          34.7006
        ],
        [
          135.671424,
          34.700598
        ],
        [
          135.671194,
          34.700591
        ],
        [
          135.671048,
          34.700591
        ],
        [
          135.670733,
          34.700647
        ],
        [
          135.670599,
          34.700689
        ],
        [
          135.670374,
          34.70076
        ],
        [
          135.67023,
          34.700769
        ],
        [
          135.670161,
          34.700774
        ],
        [
          135.670016,
          34.700717
        ],
        [
          135.669931,
          34.700598
        ],
        [
          135.669837,
          34.700331
        ],
        [
          135.669837,
          34.70033
        ],
        [
          135.6697,
          34.700189
        ],
        [
          135.669461,
          34.700097
        ],
        [
          135.669286,
          34.700085
        ],
        [
          135.66906,
          34.700069
        ],
        [
          135.668531,
          34.699971
        ],
        [
          135.668369,
          34.699921
        ],
        [
          135.668181,
          34.699822
        ],
        [
          135.667524,
          34.699541
        ],
        [
          135.667341,
          34.699498
        ],
        [
          135.667144,
          34.699449
        ],
        [
          135.666879,
          34.699382
        ],
        [
          135.666641,
          34.699322
        ],
        [
          135.666248,
          34.699202
        ],
        [
          135.666086,
          34.699132
        ],
        [
          135.665429,
          34.698864
        ],
        [
          135.665258,
          34.698843
        ],
        [
          135.665113,
          34.698892
        ],
        [
          135.664892,
          34.698956
        ],
        [
          135.664337,
          34.698956
        ],
        [
          135.664294,
          34.698957
        ],
        [
          135.664132,
          34.698963
        ],
        [
          135.663893,
          34.698949
        ],
        [
          135.663731,
          34.698932
        ],
        [
          135.66362,
          34.69892
        ],
        [
          135.663372,
          34.698878
        ],
        [
          135.663227,
          34.698963
        ],
        [
          135.663134,
          34.69904
        ],
        [
          135.663014,
          34.699125
        ],
        [
          135.662916,
          34.699301
        ],
        [
          135.662822,
          34.699435
        ],
        [
          135.662694,
          34.69971
        ],
        [
          135.662583,
          34.699829
        ],
        [
          135.662455,
          34.699914
        ],
        [
          135.662293,
          34.700048
        ],
        [
          135.66208,
          34.70019
        ],
        [
          135.662029,
          34.700224
        ],
        [
          135.661867,
          34.700372
        ],
        [
          135.661756,
          34.700506
        ],
        [
          135.661628,
          34.700619
        ],
        [
          135.661397,
          34.700725
        ],
        [
          135.661077,
          34.700872
        ],
        [
          135.660812,
          34.700999
        ],
        [
          135.660667,
          34.701063
        ],
        [
          135.660232,
          34.701246
        ],
        [
          135.660043,
          34.70132
        ],
        [
          135.659908,
          34.701373
        ],
        [
          135.659729,
          34.701408
        ],
        [
          135.659021,
          34.701556
        ],
        [
          135.65876,
          34.70157
        ],
        [
          135.658624,
          34.70157
        ],
        [
          135.658578,
          34.701572
        ],
        [
          135.658334,
          34.701584
        ],
        [
          135.658122,
          34.70162
        ],
        [
          135.657916,
          34.701655
        ],
        [
          135.657711,
          34.701683
        ],
        [
          135.657659,
          34.70169
        ],
        [
          135.657472,
          34.701732
        ],
        [
          135.657258,
          34.70181
        ],
        [
          135.656746,
          34.701929
        ],
        [
          135.656559,
          34.701986
        ],
        [
          135.656298,
          34.702038
        ],
        [
          135.65568,
          34.702162
        ],
        [
          135.655449,
          34.702169
        ],
        [
          135.655227,
          34.702155
        ],
        [
          135.654963,
          34.702113
        ],
        [
          135.65466,
          34.702067
        ],
        [
          135.654494,
          34.702042
        ],
        [
          135.654357,
          34.702056
        ],
        [
          135.654152,
          34.702106
        ],
        [
          135.653871,
          34.70219
        ],
        [
          135.653486,
          34.702261
        ],
        [
          135.653273,
          34.702317
        ],
        [
          135.653128,
          34.702345
        ],
        [
          135.652928,
          34.70243
        ],
        [
          135.652791,
          34.702585
        ],
        [
          135.652545,
          34.702601
        ],
        [
          135.652236,
          34.70262
        ],
        [
          135.651997,
          34.702627
        ],
        [
          135.651827,
          34.702613
        ],
        [
          135.651622,
          34.702542
        ],
        [
          135.651434,
          34.702409
        ],
        [
          135.651315,
          34.702296
        ],
        [
          135.651144,
          34.702049
        ],
        [
          135.651024,
          34.701993
        ],
        [
          135.650988,
          34.701988
        ],
        [
          135.65041,
          34.701915
        ],
        [
          135.650325,
          34.701915
        ],
        [
          135.650206,
          34.701915
        ],
        [
          135.650061,
          34.701901
        ],
        [
          135.649787,
          34.70188
        ],
        [
          135.648802,
          34.701894
        ],
        [
          135.648187,
          34.701859
        ],
        [
          135.648066,
          34.701856
        ],
        [
          135.647897,
          34.701852
        ],
        [
          135.647718,
          34.701859
        ],
        [
          135.647163,
          34.701866
        ],
        [
          135.646865,
          34.701944
        ],
        [
          135.646719,
          34.701958
        ],
        [
          135.645969,
          34.701951
        ],
        [
          135.645602,
          34.701944
        ],
        [
          135.644795,
          34.701936
        ],
        [
          135.644609,
          34.701979
        ],
        [
          135.644388,
          34.702031
        ],
        [
          135.644249,
          34.702063
        ],
        [
          135.644148,
          34.702063
        ],
        [
          135.64405,
          34.702063
        ],
        [
          135.64145,
          34.702056
        ],
        [
          135.641311,
          34.702059
        ],
        [
          135.640208,
          34.702084
        ],
        [
          135.640074,
          34.702077
        ],
        [
          135.640031,
          34.702076
        ],
        [
          135.639911,
          34.70207
        ],
        [
          135.639835,
          34.702066
        ],
        [
          135.639228,
          34.702036
        ],
        [
          135.639052,
          34.702028
        ],
        [
          135.638839,
          34.701959
        ],
        [
          135.63877,
          34.701937
        ],
        [
          135.638617,
          34.701887
        ],
        [
          135.63866,
          34.701766
        ],
        [
          135.638796,
          34.701386
        ],
        [
          135.638574,
          34.700506
        ],
        [
          135.638777,
          34.700356
        ],
        [
          135.63882,
          34.700324
        ],
        [
          135.638984,
          34.700203
        ],
        [
          135.638941,
          34.700048
        ],
        [
          135.638805,
          34.699449
        ],
        [
          135.638522,
          34.699417
        ],
        [
          135.638177,
          34.699378
        ],
        [
          135.638015,
          34.699371
        ],
        [
          135.63793,
          34.699287
        ],
        [
          135.637896,
          34.699033
        ],
        [
          135.637802,
          34.698934
        ],
        [
          135.637772,
          34.698908
        ],
        [
          135.637674,
          34.698821
        ],
        [
          135.637445,
          34.698811
        ],
        [
          135.637425,
          34.698809
        ],
        [
          135.637416,
          34.698809
        ],
        [
          135.637389,
          34.698808
        ],
        [
          135.63723,
          34.6988
        ],
        [
          135.636988,
          34.698803
        ],
        [
          135.63659,
          34.698807
        ],
        [
          135.636411,
          34.698821
        ],
        [
          135.635694,
          34.698829
        ],
        [
          135.635569,
          34.698832
        ],
        [
          135.635404,
          34.698836
        ],
        [
          135.635174,
          34.698829
        ],
        [
          135.634654,
          34.698818
        ],
        [
          135.634474,
          34.698814
        ],
        [
          135.634281,
          34.698786
        ],
        [
          135.634093,
          34.698758
        ],
        [
          135.634026,
          34.698748
        ],
        [
          135.633999,
          34.698744
        ],
        [
          135.633965,
          34.698739
        ],
        [
          135.633916,
          34.698732
        ],
        [
          135.633855,
          34.698723
        ],
        [
          135.633861,
          34.698855
        ],
        [
          135.633863,
          34.698911
        ],
        [
          135.633864,
          34.69892
        ],
        [
          135.633885,
          34.698959
        ],
        [
          135.633957,
          34.699089
        ],
        [
          135.634002,
          34.699215
        ],
        [
          135.634014,
          34.69925
        ],
        [
          135.634041,
          34.699327
        ],
        [
          135.634103,
          34.699505
        ],
        [
          135.634162,
          34.69978
        ],
        [
          135.634145,
          34.699998
        ],
        [
          135.634132,
          34.700062
        ],
        [
          135.634103,
          34.700203
        ],
        [
          135.634043,
          34.700428
        ],
        [
          135.633821,
          34.700816
        ],
        [
          135.633769,
          34.700926
        ],
        [
          135.633727,
          34.701013
        ],
        [
          135.633663,
          34.70114
        ],
        [
          135.633645,
          34.701182
        ],
        [
          135.633638,
          34.701197
        ],
        [
          135.633569,
          34.701358
        ],
        [
          135.633508,
          34.701442
        ],
        [
          135.633502,
          34.70145
        ],
        [
          135.633416,
          34.70157
        ],
        [
          135.633267,
          34.70157
        ],
        [
          135.633208,
          34.70157
        ],
        [
          135.632955,
          34.70157
        ],
        [
          135.632741,
          34.70157
        ],
        [
          135.632067,
          34.701563
        ],
        [
          135.631786,
          34.701549
        ],
        [
          135.631624,
          34.701542
        ],
        [
          135.631368,
          34.701534
        ],
        [
          135.630907,
          34.701591
        ],
        [
          135.630676,
          34.701598
        ],
        [
          135.630472,
          34.701612
        ],
        [
          135.630258,
          34.701647
        ],
        [
          135.629759,
          34.701647
        ],
        [
          135.629469,
          34.701654
        ],
        [
          135.629315,
          34.70164
        ],
        [
          135.628974,
          34.701612
        ],
        [
          135.628768,
          34.70192
        ],
        [
          135.628624,
          34.702134
        ],
        [
          135.628513,
          34.702359
        ],
        [
          135.628411,
          34.702451
        ],
        [
          135.628194,
          34.70257
        ],
        [
          135.628133,
          34.702603
        ],
        [
          135.627847,
          34.702761
        ],
        [
          135.627587,
          34.702922
        ],
        [
          135.6275489,
          34.7030991
        ],
        [
          135.627578,
          34.7031694
        ],
        [
          135.6275423,
          34.7033437
        ],
        [
          135.6273592,
          34.7033567
        ],
        [
          135.627323,
          34.703592
        ],
        [
          135.6273284,
          34.7040846
        ],
        [
          135.6273236,
          34.7042235
        ],
        [
          135.6272617,
          34.7042287
        ],
        [
          135.6272445,
          34.7042442
        ],
        [
          135.6271936,
          34.7042466
        ],
        [
          135.6271691,
          34.7042286
        ],
        [
          135.6271105,
          34.7041082
        ],
        [
          135.627099,
          34.7040082
        ],
        [
          135.6270909,
          34.7034923
        ],
        [
          135.627069,
          34.7033554
        ],
        [
          135.6273254,
          34.7033516
        ],
        [
          135.6273437,
          34.7031985
        ],
        [
          135.6273531,
          34.703138
        ],
        [
          135.6272585,
          34.7031113
        ],
        [
          135.62713,
          34.7030366
        ],
        [
          135.6271196,
          34.7028729
        ],
        [
          135.627119,
          34.702551
        ],
        [
          135.627119,
          34.70255
        ],
        [
          135.627195,
          34.702183
        ],
        [
          135.627229,
          34.702011
        ],
        [
          135.62725,
          34.701908
        ],
        [
          135.627344,
          34.701697
        ],
        [
          135.627242,
          34.701563
        ],
        [
          135.627156,
          34.701408
        ],
        [
          135.626994,
          34.701422
        ],
        [
          135.626849,
          34.701415
        ],
        [
          135.626712,
          34.701365
        ],
        [
          135.626696,
          34.701231
        ],
        [
          135.62655,
          34.701133
        ],
        [
          135.626303,
          34.701091
        ],
        [
          135.626124,
          34.701097
        ],
        [
          135.6259582,
          34.7011112
        ],
        [
          135.625859,
          34.701119
        ],
        [
          135.625211,
          34.701189
        ],
        [
          135.625006,
          34.701203
        ],
        [
          135.62481,
          34.701203
        ],
        [
          135.624084,
          34.701239
        ],
        [
          135.623871,
          34.70125
        ],
        [
          135.623756,
          34.701256
        ],
        [
          135.623675,
          34.70126
        ],
        [
          135.623578,
          34.701265
        ],
        [
          135.6229288,
          34.7012717
        ],
        [
          135.6225349,
          34.7012551
        ],
        [
          135.6221881,
          34.7011937
        ],
        [
          135.619679,
          34.701231
        ],
        [
          135.619199,
          34.701215
        ],
        [
          135.619007,
          34.701209
        ],
        [
          135.619,
          34.701209
        ],
        [
          135.618917,
          34.701154
        ],
        [
          135.618688,
          34.701002
        ],
        [
          135.61857,
          34.700999
        ],
        [
          135.617836,
          34.700984
        ],
        [
          135.617865,
          34.700196
        ],
        [
          135.617979,
          34.700073
        ],
        [
          135.618246,
          34.699785
        ],
        [
          135.618335,
          34.699689
        ],
        [
          135.618385,
          34.699636
        ],
        [
          135.618395,
          34.699463
        ],
        [
          135.618421,
          34.699009
        ],
        [
          135.618377,
          34.698723
        ],
        [
          135.618389,
          34.69847
        ],
        [
          135.617934,
          34.698422
        ],
        [
          135.617955,
          34.698028
        ],
        [
          135.61828,
          34.698028
        ],
        [
          135.618321,
          34.697971
        ],
        [
          135.618391,
          34.697873
        ],
        [
          135.618569,
          34.697622
        ],
        [
          135.618668,
          34.697499
        ],
        [
          135.618793,
          34.697342
        ],
        [
          135.618884,
          34.697242
        ],
        [
          135.618892,
          34.697233
        ],
        [
          135.6191315,
          34.6970262
        ],
        [
          135.6191332,
          34.6968759
        ],
        [
          135.6191424,
          34.6965622
        ],
        [
          135.6191163,
          34.6962825
        ],
        [
          135.6190867,
          34.69604
        ],
        [
          135.6190159,
          34.6957079
        ],
        [
          135.6184071,
          34.695989
        ],
        [
          135.6179217,
          34.6961712
        ],
        [
          135.617579,
          34.6962423
        ],
        [
          135.6172654,
          34.696297
        ],
        [
          135.6170912,
          34.6963348
        ],
        [
          135.6170036,
          34.6963679
        ],
        [
          135.6169236,
          34.6964028
        ],
        [
          135.6165161,
          34.6965974
        ],
        [
          135.6156356,
          34.6969159
        ],
        [
          135.6154398,
          34.6969903
        ],
        [
          135.6152225,
          34.6970682
        ],
        [
          135.6144141,
          34.6972397
        ],
        [
          135.6139692,
          34.6972959
        ],
        [
          135.613937,
          34.69751
        ],
        [
          135.613912,
          34.697799
        ],
        [
          135.613905,
          34.697883
        ],
        [
          135.613873,
          34.698238
        ],
        [
          135.613866,
          34.698323
        ],
        [
          135.613834,
          34.69849
        ],
        [
          135.613822,
          34.698556
        ],
        [
          135.613526,
          34.698538
        ],
        [
          135.613259,
          34.698609
        ],
        [
          135.613131,
          34.698621
        ],
        [
          135.612999,
          34.698633
        ],
        [
          135.612905,
          34.698072
        ],
        [
          135.612868,
          34.697549
        ],
        [
          135.612862,
          34.697464
        ],
        [
          135.612158,
          34.697535
        ],
        [
          135.6121587,
          34.6974701
        ],
        [
          135.6116008,
          34.6974617
        ],
        [
          135.6107402,
          34.6974516
        ],
        [
          135.6101426,
          34.6974405
        ],
        [
          135.610012,
          34.6974687
        ],
        [
          135.6097924,
          34.6974726
        ],
        [
          135.6097201,
          34.6974712
        ],
        [
          135.6096303,
          34.6978818
        ],
        [
          135.6095234,
          34.6983353
        ],
        [
          135.609434,
          34.6987124
        ],
        [
          135.6091774,
          34.6986514
        ],
        [
          135.6092091,
          34.6984709
        ],
        [
          135.6092049,
          34.6983689
        ],
        [
          135.6092909,
          34.6983686
        ],
        [
          135.6092931,
          34.6982717
        ],
        [
          135.6085567,
          34.6982899
        ],
        [
          135.6081549,
          34.6983016
        ],
        [
          135.6078646,
          34.6983187
        ],
        [
          135.6076468,
          34.6983283
        ],
        [
          135.6076448,
          34.6985469
        ],
        [
          135.6076393,
          34.6987038
        ],
        [
          135.6076125,
          34.698793
        ],
        [
          135.6075348,
          34.6989233
        ],
        [
          135.6074118,
          34.6991051
        ],
        [
          135.6072553,
          34.6993166
        ],
        [
          135.6071533,
          34.6994548
        ],
        [
          135.6068008,
          34.6998912
        ],
        [
          135.6066801,
          34.7000056
        ],
        [
          135.6065776,
          34.7000394
        ],
        [
          135.6064288,
          34.7001676
        ],
        [
          135.605978,
          34.7006651
        ],
        [
          135.6059381,
          34.7007525
        ],
        [
          135.6058985,
          34.7010226
        ],
        [
          135.605824,
          34.701303
        ],
        [
          135.605734,
          34.701446
        ],
        [
          135.605596,
          34.701506
        ],
        [
          135.605398,
          34.701387
        ],
        [
          135.604719,
          34.701052
        ],
        [
          135.604206,
          34.700808
        ],
        [
          135.603224,
          34.700283
        ],
        [
          135.603174,
          34.700396
        ],
        [
          135.603152,
          34.700569
        ],
        [
          135.603177,
          34.701084
        ],
        [
          135.60318,
          34.701133
        ],
        [
          135.603188,
          34.701297
        ],
        [
          135.60236,
          34.700955
        ],
        [
          135.602292,
          34.700927
        ],
        [
          135.601959,
          34.700767
        ],
        [
          135.601563,
          34.700575
        ],
        [
          135.601404,
          34.700549
        ],
        [
          135.601152,
          34.700508
        ],
        [
          135.601014,
          34.700486
        ],
        [
          135.600852,
          34.700485
        ],
        [
          135.600483,
          34.700484
        ],
        [
          135.59932,
          34.700514
        ],
        [
          135.598619,
          34.700544
        ],
        [
          135.598262,
          34.700551
        ],
        [
          135.597927,
          34.700557
        ],
        [
          135.59677,
          34.70058
        ],
        [
          135.596768,
          34.700597
        ],
        [
          135.596745,
          34.700771
        ],
        [
          135.596727,
          34.700914
        ],
        [
          135.596741,
          34.701176
        ],
        [
          135.596657,
          34.701659
        ],
        [
          135.596592,
          34.701856
        ],
        [
          135.596535,
          34.701892
        ],
        [
          135.596332,
          34.702017
        ],
        [
          135.595935,
          34.70222
        ],
        [
          135.595735,
          34.702392
        ],
        [
          135.595617,
          34.702494
        ],
        [
          135.595111,
          34.703031
        ],
        [
          135.595208,
          34.703127
        ],
        [
          135.595299,
          34.703216
        ],
        [
          135.595198,
          34.703288
        ],
        [
          135.594861,
          34.7037749
        ],
        [
          135.5943811,
          34.7036947
        ],
        [
          135.5938598,
          34.703612
        ],
        [
          135.5934134,
          34.7035412
        ],
        [
          135.5931224,
          34.7034942
        ],
        [
          135.5927419,
          34.7034375
        ],
        [
          135.5924511,
          34.7030453
        ],
        [
          135.5922695,
          34.7027979
        ],
        [
          135.5919355,
          34.7026366
        ],
        [
          135.5916003,
          34.7024944
        ],
        [
          135.5912253,
          34.702347
        ],
        [
          135.5907644,
          34.7021806
        ],
        [
          135.5902487,
          34.7020553
        ],
        [
          135.5902432,
          34.7019007
        ],
        [
          135.590225,
          34.701575
        ],
        [
          135.590008,
          34.701557
        ],
        [
          135.590107,
          34.701179
        ],
        [
          135.590218,
          34.700758
        ],
        [
          135.590223,
          34.700681
        ],
        [
          135.590232,
          34.700561
        ],
        [
          135.589704,
          34.700382
        ],
        [
          135.589596,
          34.700346
        ],
        [
          135.589096,
          34.700175
        ],
        [
          135.589004,
          34.700144
        ],
        [
          135.588705,
          34.699989
        ],
        [
          135.588528,
          34.699897
        ],
        [
          135.588347,
          34.699804
        ],
        [
          135.587986,
          34.699541
        ],
        [
          135.587937,
          34.69949
        ],
        [
          135.587891,
          34.699443
        ],
        [
          135.587871,
          34.699422
        ],
        [
          135.587408,
          34.698945
        ],
        [
          135.587272,
          34.698838
        ],
        [
          135.587146,
          34.698739
        ],
        [
          135.586996,
          34.698622
        ],
        [
          135.586541,
          34.698462
        ],
        [
          135.58613,
          34.698426
        ],
        [
          135.586122,
          34.698426
        ],
        [
          135.585675,
          34.698488
        ],
        [
          135.585566,
          34.698503
        ],
        [
          135.585205,
          34.698581
        ],
        [
          135.584988,
          34.698604
        ],
        [
          135.584837,
          34.698619
        ],
        [
          135.584461,
          34.698536
        ],
        [
          135.5843746,
          34.6984947
        ],
        [
          135.583883,
          34.698249
        ],
        [
          135.583616,
          34.698048
        ],
        [
          135.583328,
          34.697831
        ],
        [
          135.583306,
          34.697814
        ],
        [
          135.58293,
          34.697534
        ],
        [
          135.582824,
          34.697351
        ],
        [
          135.582821,
          34.697344
        ],
        [
          135.582792,
          34.697295
        ],
        [
          135.582622,
          34.69718
        ],
        [
          135.582475,
          34.697081
        ],
        [
          135.582157,
          34.696911
        ],
        [
          135.582117,
          34.696889
        ],
        [
          135.582107,
          34.696884
        ],
        [
          135.582063,
          34.69686
        ],
        [
          135.581962,
          34.696806
        ],
        [
          135.582176,
          34.696688
        ],
        [
          135.582219,
          34.696664
        ],
        [
          135.582258,
          34.696643
        ],
        [
          135.582391,
          34.69657
        ],
        [
          135.582464,
          34.69653
        ],
        [
          135.582675,
          34.696413
        ],
        [
          135.5827444,
          34.6963761
        ],
        [
          135.5824641,
          34.6957694
        ],
        [
          135.5821733,
          34.6950811
        ],
        [
          135.5819113,
          34.6944649
        ],
        [
          135.5815519,
          34.6936926
        ],
        [
          135.5814334,
          34.6934532
        ],
        [
          135.5813654,
          34.6932881
        ],
        [
          135.5811228,
          34.692952
        ],
        [
          135.5810231,
          34.6927494
        ],
        [
          135.5807662,
          34.6921769
        ],
        [
          135.5805906,
          34.6917057
        ],
        [
          135.5805369,
          34.6914595
        ],
        [
          135.5802505,
          34.6910069
        ],
        [
          135.5800007,
          34.6906134
        ],
        [
          135.579876,
          34.6904531
        ],
        [
          135.5797118,
          34.690285
        ],
        [
          135.5796918,
          34.690253
        ],
        [
          135.579548,
          34.6900616
        ],
        [
          135.5794159,
          34.6899173
        ],
        [
          135.5793123,
          34.6898207
        ],
        [
          135.5792095,
          34.6897374
        ],
        [
          135.5789727,
          34.6895811
        ],
        [
          135.5786295,
          34.6893496
        ],
        [
          135.5783905,
          34.6892075
        ],
        [
          135.5783487,
          34.6891826
        ],
        [
          135.5782162,
          34.6891039
        ],
        [
          135.5779369,
          34.6889567
        ],
        [
          135.5776654,
          34.6887942
        ],
        [
          135.5774971,
          34.6886383
        ],
        [
          135.5773945,
          34.688524
        ],
        [
          135.577054,
          34.6883757
        ],
        [
          135.5767543,
          34.6881852
        ],
        [
          135.5761922,
          34.6880454
        ],
        [
          135.5759907,
          34.6880243
        ],
        [
          135.5757341,
          34.6879888
        ],
        [
          135.5755361,
          34.6879702
        ],
        [
          135.5751408,
          34.6879497
        ],
        [
          135.5747896,
          34.6880041
        ],
        [
          135.5742033,
          34.6880984
        ],
        [
          135.5740787,
          34.688118
        ],
        [
          135.5737526,
          34.6882164
        ],
        [
          135.573541,
          34.688284
        ],
        [
          135.573472,
          34.6883076
        ],
        [
          135.5732185,
          34.6883942
        ],
        [
          135.5730964,
          34.6885283
        ],
        [
          135.5727698,
          34.6885377
        ],
        [
          135.572651,
          34.6885441
        ],
        [
          135.5725952,
          34.6885448
        ],
        [
          135.5726621,
          34.6884782
        ],
        [
          135.572739,
          34.6884288
        ],
        [
          135.572781,
          34.6883998
        ],
        [
          135.57282,
          34.6883728
        ],
        [
          135.5731269,
          34.6881825
        ],
        [
          135.5731202,
          34.6879968
        ],
        [
          135.5735684,
          34.6879497
        ],
        [
          135.5736631,
          34.6877849
        ],
        [
          135.5736659,
          34.6876737
        ],
        [
          135.5732986,
          34.6877191
        ],
        [
          135.573167,
          34.68774
        ],
        [
          135.572949,
          34.68777
        ],
        [
          135.572687,
          34.687807
        ],
        [
          135.57186,
          34.687922
        ],
        [
          135.5715766,
          34.6880189
        ],
        [
          135.5713995,
          34.6880637
        ],
        [
          135.5712735,
          34.6881137
        ],
        [
          135.5710069,
          34.6881464
        ],
        [
          135.5709321,
          34.6881556
        ],
        [
          135.5707324,
          34.6881801
        ],
        [
          135.5706109,
          34.688195
        ],
        [
          135.5704856,
          34.6882104
        ],
        [
          135.5703474,
          34.6882273
        ],
        [
          135.5702871,
          34.6882004
        ],
        [
          135.5702907,
          34.6878942
        ],
        [
          135.5702919,
          34.6877836
        ],
        [
          135.569908,
          34.687705
        ],
        [
          135.5696668,
          34.6876532
        ],
        [
          135.569468,
          34.687705
        ],
        [
          135.568832,
          34.687723
        ],
        [
          135.568275,
          34.687726
        ],
        [
          135.567517,
          34.687729
        ],
        [
          135.5668428,
          34.6877394
        ],
        [
          135.5664723,
          34.6875653
        ],
        [
          135.5653855,
          34.6874478
        ],
        [
          135.5653426,
          34.6873375
        ],
        [
          135.5669278,
          34.6874743
        ],
        [
          135.5671746,
          34.6874566
        ],
        [
          135.5671665,
          34.6874125
        ],
        [
          135.5658334,
          34.6872956
        ],
        [
          135.5657718,
          34.6872052
        ],
        [
          135.5652916,
          34.6872515
        ],
        [
          135.5652728,
          34.6871639
        ],
        [
          135.5650708,
          34.6872067
        ],
        [
          135.5649693,
          34.6871242
        ],
        [
          135.5644774,
          34.6865288
        ],
        [
          135.5648991,
          34.6863144
        ],
        [
          135.564645,
          34.685966
        ],
        [
          135.564626,
          34.685936
        ],
        [
          135.5645636,
          34.6858826
        ],
        [
          135.5645427,
          34.6858443
        ],
        [
          135.5645163,
          34.6858009
        ],
        [
          135.5644975,
          34.6857059
        ],
        [
          135.564545,
          34.6856157
        ],
        [
          135.5645539,
          34.6854852
        ],
        [
          135.5645569,
          34.6853293
        ],
        [
          135.564377,
          34.6853238
        ],
        [
          135.5643878,
          34.6851206
        ],
        [
          135.5642078,
          34.6848233
        ],
        [
          135.5641,
          34.6846654
        ],
        [
          135.5640719,
          34.6845069
        ],
        [
          135.5640971,
          34.6844591
        ],
        [
          135.56411,
          34.6843909
        ],
        [
          135.5641429,
          34.6843528
        ],
        [
          135.5642895,
          34.6841098
        ],
        [
          135.5643516,
          34.6840046
        ],
        [
          135.5643976,
          34.6839226
        ],
        [
          135.5644023,
          34.6839163
        ],
        [
          135.5644868,
          34.683735
        ],
        [
          135.5644014,
          34.6836988
        ],
        [
          135.5644747,
          34.6835872
        ],
        [
          135.564504,
          34.6835122
        ],
        [
          135.5645167,
          34.6834581
        ],
        [
          135.5645347,
          34.6833031
        ],
        [
          135.5645087,
          34.6831582
        ],
        [
          135.5643742,
          34.6830094
        ],
        [
          135.5642583,
          34.6828944
        ],
        [
          135.5640594,
          34.6826654
        ],
        [
          135.5638123,
          34.6824594
        ],
        [
          135.5636427,
          34.6822352
        ],
        [
          135.5636332,
          34.6821481
        ],
        [
          135.5636695,
          34.6820725
        ],
        [
          135.5637278,
          34.6820123
        ],
        [
          135.5637735,
          34.6819344
        ],
        [
          135.5638115,
          34.6817947
        ],
        [
          135.5637974,
          34.6816713
        ],
        [
          135.5637377,
          34.6814191
        ],
        [
          135.5636367,
          34.6810229
        ],
        [
          135.5635687,
          34.6807845
        ],
        [
          135.5635258,
          34.6806359
        ],
        [
          135.5634819,
          34.6804485
        ],
        [
          135.5634277,
          34.6802316
        ],
        [
          135.5634004,
          34.6800643
        ],
        [
          135.5633674,
          34.679815
        ],
        [
          135.5633583,
          34.6794616
        ],
        [
          135.5633256,
          34.6788224
        ],
        [
          135.5633243,
          34.678546
        ],
        [
          135.5633097,
          34.6783996
        ],
        [
          135.5633141,
          34.6781426
        ],
        [
          135.5632977,
          34.6778885
        ],
        [
          135.5632362,
          34.6774184
        ],
        [
          135.563198,
          34.6771969
        ],
        [
          135.5631553,
          34.6771297
        ],
        [
          135.5629828,
          34.6769895
        ],
        [
          135.5629707,
          34.6769458
        ],
        [
          135.5629695,
          34.6766619
        ],
        [
          135.562997,
          34.6765918
        ],
        [
          135.56309,
          34.6765211
        ],
        [
          135.5631794,
          34.6764561
        ],
        [
          135.5632098,
          34.6763978
        ],
        [
          135.5632222,
          34.6763371
        ],
        [
          135.5631038,
          34.6760955
        ],
        [
          135.5633429,
          34.6760492
        ],
        [
          135.5633372,
          34.6758476
        ],
        [
          135.5631899,
          34.6758749
        ],
        [
          135.5630873,
          34.6756555
        ],
        [
          135.5629855,
          34.6756546
        ],
        [
          135.5629,
          34.6753806
        ],
        [
          135.5628917,
          34.6752078
        ],
        [
          135.5628429,
          34.6752081
        ],
        [
          135.5628295,
          34.6750942
        ],
        [
          135.5627225,
          34.6750176
        ],
        [
          135.5625623,
          34.6749451
        ],
        [
          135.5625231,
          34.6748126
        ],
        [
          135.5624369,
          34.674519
        ],
        [
          135.5624035,
          34.6743561
        ],
        [
          135.5623918,
          34.6741193
        ],
        [
          135.5623883,
          34.6739521
        ],
        [
          135.5623857,
          34.6738585
        ],
        [
          135.562374,
          34.6737461
        ],
        [
          135.5623585,
          34.6736249
        ],
        [
          135.5623481,
          34.6735305
        ],
        [
          135.5623381,
          34.6734695
        ],
        [
          135.5623341,
          34.6733948
        ],
        [
          135.562325,
          34.6733115
        ],
        [
          135.5622835,
          34.6731819
        ],
        [
          135.5622687,
          34.6731356
        ],
        [
          135.5622267,
          34.6730048
        ],
        [
          135.5622086,
          34.6729396
        ],
        [
          135.5621672,
          34.6727794
        ],
        [
          135.5621292,
          34.6725809
        ],
        [
          135.5621194,
          34.6725316
        ],
        [
          135.5621057,
          34.6722758
        ],
        [
          135.5620984,
          34.6721092
        ],
        [
          135.5620944,
          34.6720526
        ],
        [
          135.5620381,
          34.6714092
        ],
        [
          135.5620199,
          34.6710724
        ],
        [
          135.5619365,
          34.670636
        ],
        [
          135.561923,
          34.6705043
        ],
        [
          135.5619168,
          34.6698805
        ],
        [
          135.5618967,
          34.669714
        ],
        [
          135.5618611,
          34.6695321
        ],
        [
          135.561858,
          34.6694872
        ],
        [
          135.5618869,
          34.6692652
        ],
        [
          135.5618908,
          34.6692232
        ],
        [
          135.5619198,
          34.6691755
        ],
        [
          135.5619554,
          34.6690941
        ],
        [
          135.5619944,
          34.6690173
        ],
        [
          135.5620382,
          34.6689225
        ],
        [
          135.5620456,
          34.6688283
        ],
        [
          135.5620301,
          34.6686865
        ],
        [
          135.5620188,
          34.6686121
        ],
        [
          135.5620178,
          34.6685347
        ],
        [
          135.562012,
          34.6683242
        ],
        [
          135.5620168,
          34.6682331
        ],
        [
          135.5620162,
          34.6681376
        ],
        [
          135.5619287,
          34.6681368
        ],
        [
          135.5617574,
          34.6681361
        ],
        [
          135.5614827,
          34.6681339
        ],
        [
          135.5611995,
          34.6681206
        ],
        [
          135.5599342,
          34.6681388
        ],
        [
          135.5595978,
          34.6681821
        ],
        [
          135.559459,
          34.6681906
        ],
        [
          135.5592563,
          34.6681936
        ],
        [
          135.559261,
          34.6680667
        ],
        [
          135.5591224,
          34.6680648
        ],
        [
          135.5591222,
          34.6680497
        ],
        [
          135.5590451,
          34.6680504
        ],
        [
          135.5590183,
          34.6678042
        ],
        [
          135.5588199,
          34.6678202
        ],
        [
          135.5588336,
          34.6679548
        ],
        [
          135.558501,
          34.6679859
        ],
        [
          135.5585228,
          34.6682375
        ],
        [
          135.5575277,
          34.6682549
        ],
        [
          135.5574853,
          34.6678756
        ],
        [
          135.5574292,
          34.6673157
        ],
        [
          135.5573781,
          34.6669456
        ],
        [
          135.5573437,
          34.6666786
        ],
        [
          135.5573351,
          34.6666047
        ],
        [
          135.5573184,
          34.6663773
        ],
        [
          135.5572672,
          34.6658624
        ],
        [
          135.5572547,
          34.6657261
        ],
        [
          135.5572309,
          34.6654679
        ],
        [
          135.5572089,
          34.6653051
        ],
        [
          135.5571857,
          34.6651421
        ],
        [
          135.5571758,
          34.6650629
        ],
        [
          135.557152,
          34.6648345
        ],
        [
          135.5571187,
          34.6645347
        ],
        [
          135.5571043,
          34.6643959
        ],
        [
          135.5571005,
          34.6643275
        ]
      ]
    ]
  }
}
